CREATE DATABASE  IF NOT EXISTS `national_park_species` /*!40100 DEFAULT CHARACTER SET utf8mb3 */ /*!80016 DEFAULT ENCRYPTION='N' */;
USE `national_park_species`;
-- MySQL dump 10.13  Distrib 8.0.42, for Win64 (x86_64)
--
-- Host: localhost    Database: national_park_species
-- ------------------------------------------------------
-- Server version	8.0.42

/*!40101 SET @OLD_CHARACTER_SET_CLIENT=@@CHARACTER_SET_CLIENT */;
/*!40101 SET @OLD_CHARACTER_SET_RESULTS=@@CHARACTER_SET_RESULTS */;
/*!40101 SET @OLD_COLLATION_CONNECTION=@@COLLATION_CONNECTION */;
/*!50503 SET NAMES utf8 */;
/*!40103 SET @OLD_TIME_ZONE=@@TIME_ZONE */;
/*!40103 SET TIME_ZONE='+00:00' */;
/*!40014 SET @OLD_UNIQUE_CHECKS=@@UNIQUE_CHECKS, UNIQUE_CHECKS=0 */;
/*!40014 SET @OLD_FOREIGN_KEY_CHECKS=@@FOREIGN_KEY_CHECKS, FOREIGN_KEY_CHECKS=0 */;
/*!40101 SET @OLD_SQL_MODE=@@SQL_MODE, SQL_MODE='NO_AUTO_VALUE_ON_ZERO' */;
/*!40111 SET @OLD_SQL_NOTES=@@SQL_NOTES, SQL_NOTES=0 */;

--
-- Temporary view structure for view `avg_bird_count`
--

DROP TABLE IF EXISTS `avg_bird_count`;
/*!50001 DROP VIEW IF EXISTS `avg_bird_count`*/;
SET @saved_cs_client     = @@character_set_client;
/*!50503 SET character_set_client = utf8mb4 */;
/*!50001 CREATE VIEW `avg_bird_count` AS SELECT 
 1 AS `avg_bird_count`*/;
SET character_set_client = @saved_cs_client;

--
-- Temporary view structure for view `max_insect_count`
--

DROP TABLE IF EXISTS `max_insect_count`;
/*!50001 DROP VIEW IF EXISTS `max_insect_count`*/;
SET @saved_cs_client     = @@character_set_client;
/*!50503 SET character_set_client = utf8mb4 */;
/*!50001 CREATE VIEW `max_insect_count` AS SELECT 
 1 AS `max_insect_count`*/;
SET character_set_client = @saved_cs_client;

--
-- Table structure for table `park`
--

DROP TABLE IF EXISTS `park`;
/*!40101 SET @saved_cs_client     = @@character_set_client */;
/*!50503 SET character_set_client = utf8mb4 */;
CREATE TABLE `park` (
  `park_id` int NOT NULL,
  `park_code` varchar(4) DEFAULT NULL,
  `park_name` varchar(45) DEFAULT NULL,
  PRIMARY KEY (`park_id`)
) ENGINE=InnoDB DEFAULT CHARSET=utf8mb3;
/*!40101 SET character_set_client = @saved_cs_client */;

--
-- Dumping data for table `park`
--

LOCK TABLES `park` WRITE;
/*!40000 ALTER TABLE `park` DISABLE KEYS */;
INSERT INTO `park` VALUES (1,'ACAD','Acadia National Park'),(2,'BRCA','Bryce Canyon National Park'),(3,'CUVA','Cuyahoga Valley National Park'),(4,'GLAC','Glacier National Park'),(5,'GRCA','Grand Canyon National Park'),(6,'GRTE','Grand Teton National Park'),(7,'GRSM','Great Smoky Mountains National Park'),(8,'HOSP','Hot Springs National Park'),(9,'INDU','Indiana Dunes National Park'),(10,'JOTR','Joshua Tree National Park'),(11,'OLYM','Olympic National Park'),(12,'ROMO','Rocky Mountain National Park'),(13,'YELL','Yellowstone National Park'),(14,'YOSE','Yosemite National Park'),(15,'ZION','Zion National Park');
/*!40000 ALTER TABLE `park` ENABLE KEYS */;
UNLOCK TABLES;

--
-- Table structure for table `park_acceptable`
--

DROP TABLE IF EXISTS `park_acceptable`;
/*!40101 SET @saved_cs_client     = @@character_set_client */;
/*!50503 SET character_set_client = utf8mb4 */;
CREATE TABLE `park_acceptable` (
  `park_acceptable_id` int NOT NULL,
  `park_acceptable` varchar(45) DEFAULT NULL,
  PRIMARY KEY (`park_acceptable_id`)
) ENGINE=InnoDB DEFAULT CHARSET=utf8mb3;
/*!40101 SET character_set_client = @saved_cs_client */;

--
-- Dumping data for table `park_acceptable`
--

LOCK TABLES `park_acceptable` WRITE;
/*!40000 ALTER TABLE `park_acceptable` DISABLE KEYS */;
INSERT INTO `park_acceptable` VALUES (1,'TRUE'),(2,'FALSE');
/*!40000 ALTER TABLE `park_acceptable` ENABLE KEYS */;
UNLOCK TABLES;

--
-- Table structure for table `species_acceptable`
--

DROP TABLE IF EXISTS `species_acceptable`;
/*!40101 SET @saved_cs_client     = @@character_set_client */;
/*!50503 SET character_set_client = utf8mb4 */;
CREATE TABLE `species_acceptable` (
  `species_scientific_id` int NOT NULL,
  `park_acceptable_id` int NOT NULL,
  PRIMARY KEY (`species_scientific_id`,`park_acceptable_id`),
  KEY `fk_species_acceptable_park_acceptable1_idx` (`park_acceptable_id`),
  CONSTRAINT `fk_species_acceptable_park_acceptable1` FOREIGN KEY (`park_acceptable_id`) REFERENCES `park_acceptable` (`park_acceptable_id`),
  CONSTRAINT `fk_species_acceptable_species_scientific1` FOREIGN KEY (`species_scientific_id`) REFERENCES `species_scientific` (`species_scientific_id`)
) ENGINE=InnoDB DEFAULT CHARSET=utf8mb3;
/*!40101 SET character_set_client = @saved_cs_client */;

--
-- Dumping data for table `species_acceptable`
--

LOCK TABLES `species_acceptable` WRITE;
/*!40000 ALTER TABLE `species_acceptable` DISABLE KEYS */;
INSERT INTO `species_acceptable` VALUES (1,1),(2,1),(3,1),(4,1),(5,1),(6,1),(7,1),(8,1),(9,1),(10,1),(11,1),(12,1),(13,1),(14,1),(15,1),(16,1),(17,1),(18,1),(19,1),(20,1),(21,1),(22,1),(23,1),(24,1),(25,1),(26,1),(27,1),(28,1),(29,1),(30,1),(31,1),(32,1),(33,1),(34,1),(35,1),(36,1),(37,1),(38,1),(39,1),(40,1),(41,1),(42,1),(43,1),(44,1),(45,1),(46,1),(47,1),(48,1),(49,1),(50,1),(51,1),(52,1),(53,1),(54,1),(55,1),(56,1),(57,1),(58,1),(59,1),(60,1),(61,1),(62,1),(63,1),(64,1),(65,1),(66,1),(67,1),(68,1),(69,1),(70,1),(71,1),(72,1),(73,1),(74,1),(75,1),(76,1),(77,1),(78,1),(79,1),(80,1),(81,1),(82,1),(83,1),(84,1),(85,1),(86,1),(87,1),(88,1),(89,1),(90,1),(91,1),(92,1),(93,1),(94,1),(95,1),(96,1),(97,1),(98,1),(99,1),(100,1),(101,1),(102,1),(103,1),(104,1),(105,1),(106,1),(107,1),(108,1),(109,1),(110,1),(111,1),(112,1),(113,1),(114,1),(115,1),(117,1),(118,1),(119,1),(120,1),(121,1),(122,1),(123,1),(124,1),(125,1),(126,1),(127,1),(128,1),(129,1),(130,1),(131,1),(132,1),(133,1),(135,1),(136,1),(137,1),(138,1),(139,1),(140,1),(141,1),(142,1),(143,1),(144,1),(145,1),(146,1),(147,1),(148,1),(149,1),(150,1),(151,1),(152,1),(153,1),(154,1),(155,1),(156,1),(157,1),(158,1),(159,1),(160,1),(161,1),(162,1),(163,1),(164,1),(165,1),(166,1),(167,1),(168,1),(169,1),(170,1),(172,1),(174,1),(175,1),(177,1),(178,1),(179,1),(180,1),(181,1),(182,1),(183,1),(184,1),(185,1),(186,1),(187,1),(188,1),(189,1),(190,1),(191,1),(192,1),(193,1),(194,1),(196,1),(197,1),(198,1),(199,1),(200,1),(201,1),(202,1),(203,1),(204,1),(205,1),(206,1),(207,1),(208,1),(209,1),(210,1),(211,1),(212,1),(213,1),(214,1),(215,1),(216,1),(217,1),(218,1),(219,1),(220,1),(221,1),(222,1),(223,1),(224,1),(225,1),(226,1),(227,1),(228,1),(229,1),(230,1),(232,1),(233,1),(234,1),(235,1),(236,1),(237,1),(238,1),(239,1),(240,1),(241,1),(242,1),(243,1),(244,1),(245,1),(246,1),(247,1),(248,1),(249,1),(250,1),(251,1),(252,1),(253,1),(254,1),(255,1),(256,1),(257,1),(258,1),(259,1),(260,1),(261,1),(262,1),(263,1),(264,1),(265,1),(266,1),(267,1),(268,1),(269,1),(270,1),(271,1),(272,1),(273,1),(274,1),(275,1),(276,1),(277,1),(278,1),(279,1),(280,1),(281,1),(282,1),(283,1),(285,1),(286,1),(287,1),(288,1),(289,1),(290,1),(291,1),(292,1),(293,1),(294,1),(295,1),(296,1),(297,1),(298,1),(299,1),(300,1),(301,1),(302,1),(303,1),(304,1),(305,1),(306,1),(307,1),(308,1),(309,1),(310,1),(311,1),(312,1),(314,1),(315,1),(316,1),(317,1),(318,1),(319,1),(320,1),(321,1),(322,1),(323,1),(324,1),(325,1),(326,1),(327,1),(328,1),(329,1),(330,1),(331,1),(332,1),(333,1),(334,1),(336,1),(337,1),(338,1),(339,1),(340,1),(341,1),(342,1),(343,1),(344,1),(345,1),(346,1),(347,1),(348,1),(349,1),(350,1),(351,1),(352,1),(353,1),(354,1),(355,1),(357,1),(358,1),(359,1),(360,1),(361,1),(362,1),(363,1),(364,1),(365,1),(366,1),(367,1),(368,1),(369,1),(370,1),(371,1),(372,1),(373,1),(375,1),(377,1),(379,1),(381,1),(382,1),(383,1),(384,1),(385,1),(386,1),(387,1),(389,1),(390,1),(391,1),(392,1),(394,1),(395,1),(396,1),(398,1),(399,1),(400,1),(401,1),(402,1),(403,1),(404,1),(405,1),(406,1),(407,1),(408,1),(409,1),(410,1),(411,1),(412,1),(413,1),(414,1),(415,1),(416,1),(417,1),(418,1),(419,1),(420,1),(421,1),(422,1),(423,1),(424,1),(425,1),(426,1),(427,1),(428,1),(429,1),(430,1),(431,1),(432,1),(433,1),(434,1),(435,1),(436,1),(437,1),(438,1),(439,1),(440,1),(441,1),(442,1),(443,1),(444,1),(445,1),(446,1),(447,1),(448,1),(449,1),(450,1),(451,1),(453,1),(454,1),(455,1),(456,1),(459,1),(460,1),(461,1),(464,1),(465,1),(466,1),(467,1),(468,1),(469,1),(470,1),(471,1),(474,1),(475,1),(476,1),(477,1),(478,1),(479,1),(480,1),(481,1),(482,1),(486,1),(487,1),(489,1),(490,1),(491,1),(493,1),(495,1),(496,1),(498,1),(499,1),(500,1),(501,1),(502,1),(503,1),(504,1),(505,1),(506,1),(507,1),(508,1),(509,1),(510,1),(511,1),(512,1),(513,1),(514,1),(515,1),(516,1),(517,1),(518,1),(519,1),(520,1),(522,1),(523,1),(524,1),(525,1),(526,1),(527,1),(528,1),(529,1),(530,1),(531,1),(532,1),(533,1),(534,1),(535,1),(536,1),(537,1),(538,1),(539,1),(540,1),(542,1),(543,1),(544,1),(545,1),(546,1),(547,1),(548,1),(549,1),(550,1),(551,1),(552,1),(553,1),(554,1),(555,1),(556,1),(558,1),(559,1),(560,1),(561,1),(562,1),(563,1),(564,1),(565,1),(566,1),(567,1),(568,1),(569,1),(570,1),(571,1),(572,1),(573,1),(574,1),(575,1),(576,1),(578,1),(580,1),(581,1),(582,1),(583,1),(584,1),(585,1),(586,1),(588,1),(589,1),(590,1),(591,1),(592,1),(594,1),(595,1),(597,1),(598,1),(600,1),(601,1),(602,1),(604,1),(606,1),(607,1),(609,1),(610,1),(611,1),(612,1),(613,1),(614,1),(615,1),(616,1),(622,1),(623,1),(624,1),(625,1),(626,1),(628,1),(630,1),(632,1),(633,1),(635,1),(636,1),(637,1),(638,1),(641,1),(642,1),(645,1),(646,1),(648,1),(649,1),(651,1),(652,1),(653,1),(654,1),(655,1),(656,1),(657,1),(658,1),(659,1),(660,1),(661,1),(662,1),(663,1),(664,1),(665,1),(666,1),(667,1),(668,1),(669,1),(670,1),(671,1),(672,1),(673,1),(674,1),(675,1),(676,1),(677,1),(678,1),(679,1),(680,1),(681,1),(682,1),(683,1),(684,1),(685,1),(686,1),(687,1),(688,1),(689,1),(690,1),(691,1),(692,1),(693,1),(694,1),(695,1),(696,1),(697,1),(698,1),(699,1),(700,1),(701,1),(702,1),(703,1),(704,1),(705,1),(706,1),(707,1),(708,1),(709,1),(710,1),(711,1),(712,1),(713,1),(714,1),(715,1),(716,1),(717,1),(718,1),(719,1),(720,1),(721,1),(722,1),(723,1),(724,1),(725,1),(726,1),(727,1),(728,1),(729,1),(730,1),(731,1),(732,1),(733,1),(734,1),(735,1),(736,1),(737,1),(738,1),(739,1),(740,1),(741,1),(742,1),(743,1),(744,1),(745,1),(746,1),(747,1),(748,1),(749,1),(750,1),(116,2),(134,2),(171,2),(173,2),(176,2),(195,2),(231,2),(284,2),(313,2),(335,2),(356,2),(374,2),(376,2),(378,2),(380,2),(388,2),(393,2),(397,2),(452,2),(457,2),(458,2),(462,2),(463,2),(472,2),(473,2),(483,2),(484,2),(485,2),(488,2),(492,2),(494,2),(497,2),(521,2),(541,2),(557,2),(577,2),(579,2),(587,2),(596,2),(599,2),(603,2),(605,2),(608,2),(617,2),(618,2),(619,2),(620,2),(621,2),(627,2),(629,2),(631,2),(634,2),(639,2),(640,2),(643,2),(644,2),(647,2),(650,2);
/*!40000 ALTER TABLE `species_acceptable` ENABLE KEYS */;
UNLOCK TABLES;

--
-- Table structure for table `species_category`
--

DROP TABLE IF EXISTS `species_category`;
/*!40101 SET @saved_cs_client     = @@character_set_client */;
/*!50503 SET character_set_client = utf8mb4 */;
CREATE TABLE `species_category` (
  `species_category_id` int NOT NULL,
  `species_category` varchar(45) DEFAULT NULL,
  PRIMARY KEY (`species_category_id`)
) ENGINE=InnoDB DEFAULT CHARSET=utf8mb3;
/*!40101 SET character_set_client = @saved_cs_client */;

--
-- Dumping data for table `species_category`
--

LOCK TABLES `species_category` WRITE;
/*!40000 ALTER TABLE `species_category` DISABLE KEYS */;
INSERT INTO `species_category` VALUES (1,'Vascular Plant'),(2,'Bird'),(3,'Fish'),(4,'Mammal'),(5,'Reptile'),(6,'Insect'),(7,'Non-vascular Plant'),(8,'Crab/Lobster/Shrimp'),(9,'Fungi'),(10,'Slug/Snail'),(11,'Spider/Scorpion'),(12,'Other Non-vertebrates'),(13,'Chromista'),(14,'Protozoa'),(15,'Amphibian'),(16,'Bacteria');
/*!40000 ALTER TABLE `species_category` ENABLE KEYS */;
UNLOCK TABLES;

--
-- Table structure for table `species_common`
--

DROP TABLE IF EXISTS `species_common`;
/*!40101 SET @saved_cs_client     = @@character_set_client */;
/*!50503 SET character_set_client = utf8mb4 */;
CREATE TABLE `species_common` (
  `species_common_id` int NOT NULL,
  `species_common_name` varchar(45) DEFAULT NULL,
  PRIMARY KEY (`species_common_id`)
) ENGINE=InnoDB DEFAULT CHARSET=utf8mb3;
/*!40101 SET character_set_client = @saved_cs_client */;

--
-- Dumping data for table `species_common`
--

LOCK TABLES `species_common` WRITE;
/*!40000 ALTER TABLE `species_common` DISABLE KEYS */;
INSERT INTO `species_common` VALUES (0,NULL),(1,'Grass Pink'),(2,'Pale Sedge'),(3,'Summer Savory'),(4,'Brunnich\'s Murre'),(5,'Northern Redbelly Dace'),(6,'Fescue'),(7,'Boott\'s Wood Fern'),(8,'Mayweed'),(9,'combleaf mermaidweed'),(10,'Himalayan Balsam'),(11,'Barn Owl'),(12,'Stinking Willy'),(13,'Vermont Blackberry'),(14,'Clammy Locust'),(15,'Mackenziei\'s Sedge'),(16,'Three-toothed Cinquefoil'),(17,'Bird\'s Eye'),(18,'Eastern Veery'),(19,'Burdock'),(20,'Hoary Bat'),(21,'Cut-leaved Evening Primrose'),(22,'Wild Peppergrass'),(23,'Wood Turtle'),(24,'Tiger Lily'),(25,'False Spiraea'),(26,'Magnolia Warbler'),(27,'Shadbush'),(28,'Greater Yellowlegs'),(29,'Varied Thrush'),(30,'Shrubby St. Johnswort'),(31,'Bank Swallow'),(32,'Cyperus Sedge'),(33,'Sora Rail'),(34,'Blue-headed Solitary Vireo'),(35,'Common Sucker'),(36,'Snowy Egret'),(37,'Common Barberry'),(38,'Orange Grass'),(39,'Sneezeweed'),(40,'Dusty Miler'),(41,'American Hawk Owl'),(42,'Meadow Foxtail'),(43,'Field Chickweed'),(44,'Patience Dock'),(45,'Slender Water Nymph'),(46,'Bullock\'s Oriole'),(47,'Wild Mint'),(48,'Dwarf Huckleberry'),(49,'Yellow-bellied Flycatcher'),(50,'Bristly Clubmoss'),(51,'Platte River cinquefoil'),(52,'Marsh arrowgrass'),(53,'Eaton\'s firecracker'),(54,'Wyoming big sagebrush'),(55,'Russian-olive'),(56,'Clustered broomrape'),(57,'House Wren'),(58,'Silver daisy'),(59,'common sagebrush lizard'),(60,'Cutleaf'),(61,'Field pennycress'),(62,'Spotted knapweed'),(63,'Least Chipmunk'),(64,'Long-tailed Vole'),(65,'Red-breasted Nuthatch'),(66,'Narrowleaved yucca'),(67,'southern goldeneye'),(68,'Vernal daisy'),(69,'White-breasted Nuthatch'),(70,'Timothy'),(71,'Ashy cryptanth'),(72,'Matted spring-parsley'),(73,'Selby\'s rockcress'),(74,'Aristate aster'),(75,'Basin white-cup spring-parsley'),(76,'Spotted Sandpiper'),(77,'Common hyalineherb'),(78,'Chipping Sparrow'),(79,'Rock-goldenrod'),(80,'Yellow-eye cryptanth'),(81,'Bufflehead'),(82,'Antelope bitterbrush'),(83,'Alpine bitter-root'),(84,'Long-billed Dowitcher'),(85,'Tall wheatgrass'),(86,'Strawberry clover'),(87,'Canyon Mouse'),(88,'Common reed'),(89,'Rocky Mountain juniper'),(90,'Mountain kentrophyta'),(91,'Tassel-flower brickellbush'),(92,'Alkali cordgrass'),(93,'New Mexico checker-mallow'),(94,'Townsend\'s Big-eared Bat'),(95,'Coast goldenrod'),(96,'Western poison ivy'),(97,'western skink'),(98,'Sagebrush Vole'),(99,'Nuttall\'s sandwort'),(100,'Saskatoon serviceberry'),(101,'California nettle'),(102,'cat greenbrier'),(103,'lesser scaup'),(104,'Black Maple'),(105,'beechdrops'),(106,'N/A'),(107,'N/A'),(108,'bouncing bet'),(109,'giant ragweed'),(110,'One-sided Shinleaf'),(111,'Muhlenberg\'s sedge'),(112,'Sweet Flag'),(113,'Giant Water Scavenger Beetle'),(114,'hawkweed'),(115,'Californian thistle'),(116,'N/A'),(117,'bois-jaune'),(118,'creeping juniper'),(119,'artemisia'),(120,'purple deadnettle'),(121,'common club moss'),(122,'Nelson\'s sharp-tailed sparrow'),(123,'Common Snapping Turtle'),(124,'celeryleaf buttercup'),(125,'gadwall'),(126,'N/A'),(127,'Eastern serviceberry'),(128,'perfoliate bellwort'),(129,'Virginia Rail'),(130,'N/A'),(131,'awnless brome'),(132,'upland boneset'),(133,'Japanese barberry'),(134,'Meadow fritillary'),(135,'eyebane'),(136,'sassafras'),(137,'Eastern Wood-pewee'),(138,'arborvitae'),(139,'N/A'),(140,'Jamestown weed'),(141,'European privet'),(142,'Bald Eagle'),(143,'prairie willow'),(144,'Mourning Warbler'),(145,'garden onion'),(146,'Florida lettuce'),(147,'American sycamore'),(148,'wrinkleleaf goldenrod'),(149,'cinnamon fern'),(150,'Veery'),(151,'N/A'),(152,'FIRE MOSS'),(153,'crenulate moonwort'),(154,'PALE MOUNTAIN DANDELION'),(155,'NARROW-SPIKED REEDGRASS'),(156,'N/A'),(157,'SUBALPINE SUKSDORFIA'),(158,'Red-throated Loon'),(159,'AWNED SEDGE'),(160,'NORTHERN STARWORT'),(161,'CAMOMILE GRAPE-FERN'),(162,'WEAK ALKALIGRASS'),(163,'N/A'),(164,'N/A'),(165,'N/A'),(166,'sagebrush buttercup'),(167,'ALPINE CHICKWEED'),(168,'FIR-MOSS'),(169,'SCOURING-RUSH'),(170,'TORREY\'S CRYPTANTHA'),(171,'N/A'),(172,'SIERRA SANICLE'),(173,'smooth-lipped fairy shrimp'),(174,'COMMON OAT'),(175,'Virginia strawberry'),(176,'N/A'),(177,'tortured tortella moss'),(178,'SMOOTH WOODRUSH'),(179,'wideleaf desmatodon moss'),(180,'PINEWOODS SWEETPEA'),(181,'N/A'),(182,'CUSHION-TOWNSENDIA'),(183,'muskrat'),(184,'toothless column'),(185,'MANY-SPIKED COTTON-GRASS'),(186,'Red-tailed Hawk'),(187,'Brown Creeper'),(188,'N/A'),(189,'FREMONT\'S GOOSEFOOT'),(190,'BLUE FLAG'),(191,'N/A'),(192,'square goose neck moss'),(193,'lake whitefish'),(194,'N/A'),(195,'Ground Squirrels'),(196,'GREEN NEEDLEGRASS'),(197,'HEDWIG\'S ROCK MOSS'),(198,'N/A'),(199,'N/A'),(200,'WATER-PARSNIP'),(201,'stemless bitterweed'),(202,'Blue-gray Gnatcatcher'),(203,'desert olive'),(204,'Lawrenceaes Goldfinch'),(205,'Reeves\' bladderfern'),(206,'Pacific-Slope Flycatcher'),(207,'Brenda\'s yellow catseye'),(208,'Huachuca panic'),(209,'eight-flower six-weeks grass'),(210,'Streak-backed Oriole'),(211,'stinking milkvetch'),(212,'Ord\'s Kangaroo Rat'),(213,'Red-eyed Vireo'),(214,'Gilded Flicker'),(215,'Northern Parula'),(216,'Mediterannean barley'),(217,'False Widow Spiders'),(218,'Vesper Sparrow'),(219,'field chickweed'),(220,'roundleaf buffaloberry'),(221,'neckweed'),(222,'flatcrown buckwheat'),(223,'sand gilia'),(224,'New Mexico cliff fern'),(225,'brown sedge'),(226,'American Lady'),(227,'aurora trout'),(228,'Rocky Mountain willowherb'),(229,'Mohave desertrue'),(230,'Mohave Green'),(231,'N/A'),(232,'Black Hills ponderosa pine'),(233,'spiny rush'),(234,'deer goldenbush'),(235,'Black-throated Sparrow '),(236,'white bract stickleaf'),(237,'blue monardella'),(238,'four o\'clock'),(239,'common lambsquarters'),(240,'manyfruit spurge'),(241,'broom baccharis'),(242,'Red Crossbill'),(243,'Rio Grande saddlebush'),(244,'soaptree yucca'),(245,'Chiricahua Mountain columbine'),(246,'beardless rabbitsfoot grass'),(247,'fairy slipper'),(248,'rayless goldenrod'),(249,'lax-flowered green orchid'),(250,'desert seepweed'),(251,'big reedgrass'),(252,'sneezeweed'),(253,'false mayweed'),(254,'Sage Sparrow'),(255,'tufted hairgrass'),(256,'common pepperweed'),(257,'bottle grass'),(258,'spike trisetum'),(259,'Whipple penstemon'),(260,'diffuse groundsmoke'),(261,'Cattle Egret'),(262,'Back\'s sedge'),(263,'Drummond rush'),(264,'false mermaid'),(265,'prickly sedge'),(266,'northern reedgrass'),(267,'alpinebog swertia'),(268,'N/A'),(269,'mountain snowberry'),(270,'bulrush'),(271,'Horned Grebe'),(272,'alkalai grass'),(273,'musk monkeyflower'),(274,'cutleaf anemone'),(275,'desert Indian paintbrush'),(276,'N/A'),(277,'bull thistle'),(278,'Great Horned Owl'),(279,'Presl\'s sedge'),(280,'American White Pelican'),(281,'Pacific clubmoss'),(282,'bog violet'),(283,'windmill fringed gentian'),(284,'N/A'),(285,'woodland buttercup'),(286,'alpine speedwell'),(287,'halfshrub sundrop'),(288,'western Indian paintbrush'),(289,'filiform rockjasmine'),(290,'Columbian virgin\'s-bower'),(291,'Spotted Sandpiper'),(292,'alpine pennycress'),(293,'Pammel\'s oniongrass'),(294,'Greater Scaup'),(295,'N/A'),(296,'grouse whortleberry'),(297,'watercress'),(298,'western needlegrass'),(299,'nodding onion'),(300,'mat rockspirea'),(301,'N/A'),(302,'N/A'),(303,'N/A'),(304,'Blueberry Stem Gall'),(305,'N/A'),(306,'N/A'),(307,'N/A'),(308,'N/A'),(309,'aquatic oligochaete worm'),(310,'N/A'),(311,'N/A'),(312,'N/A'),(313,'N/A'),(314,'N/A'),(315,'N/A'),(316,'N/A'),(317,'Banasa Stink Bug'),(318,'N/A'),(319,'N/A'),(320,'N/A'),(321,'Twin-spotted Sphinx Moth'),(322,'Short-horned Caddisfly'),(323,'Chestnut Schizura Moth'),(324,'N/A'),(325,'N/A'),(326,'N/A'),(327,'N/A'),(328,'N/A'),(329,'N/A'),(330,'N/A'),(331,'N/A'),(332,'N/A'),(333,'N/A'),(334,'N/A'),(335,'Springfly'),(336,'N/A'),(337,'N/A'),(338,'N/A'),(339,'Crimson Clover'),(340,'Lichen'),(341,'N/A'),(342,'N/A'),(343,'N/A'),(344,'N/A'),(345,'N/A'),(346,'N/A'),(347,'N/A'),(348,'N/A'),(349,'N/A'),(350,'N/A'),(351,'twoflower dwarfdandelion'),(352,'Button-snakeroot'),(353,'log fern'),(354,'Blazing Star'),(355,'swamp chestnut oak'),(356,'Spanish needles'),(357,'Black Vulture'),(358,'Pine'),(359,'Red-tailed Hawk'),(360,'oak'),(361,'poverty danthonia'),(362,'Cypress'),(363,'Rabbit-foot Clover'),(364,'green ash'),(365,'hairy buttercup'),(366,'drooping bulrush'),(367,'Yellow-bellied Water Snake'),(368,'bowfin'),(369,'Chinese magnolia'),(370,'Golden-crowned Kinglet'),(371,'Long-spike Fluff Grass'),(372,'Bruant de LeConte'),(373,'N/A'),(374,'N/A'),(375,'Common Nighthawk'),(376,'wildrye'),(377,'globe flatsedge'),(378,'Eastern Cricket Frog'),(379,'Cerulean Warbler'),(380,'N/A'),(381,'Black-throated Blue Warbler'),(382,'canna lily'),(383,'Scissor-tailed Flycatcher'),(384,'N/A'),(385,'American Cliff Swallow'),(386,'Shadow Bass'),(387,'Hermit Thrush'),(388,'yellow bullhead'),(389,'Velvet Scoter'),(390,'broadleaf snoutbean'),(391,'common fox sedge'),(392,'bluejacket'),(393,'wood sorrel'),(394,'N/A'),(395,'woodland stonecrop'),(396,'Little-head Nut-rush'),(397,'N/A'),(398,'leathery rush'),(399,'black hickory'),(400,'creeping charlie'),(401,'eastern milksnake'),(402,'limestone calamint'),(403,'mulberry'),(404,'smooth yellow false foxglove'),(405,'N/A'),(406,'common cowparsnip'),(407,'Eurasian Whimbrel'),(408,'bird\'s nest'),(409,'Midland Painted Turtle'),(410,'Passenger Pigeon'),(411,'sweetscented joepyeweed'),(412,'boneset'),(413,'bladder campion'),(414,'common buckeye'),(415,'horned bladderwort'),(416,'black gum'),(417,'N/A'),(418,'Northern Slimy Salamander'),(419,'Juvenal\'s duskywing'),(420,'common porcupine'),(421,'King Eider'),(422,'masked shrew'),(423,'American Woodcock'),(424,'N/A'),(425,'American columbo'),(426,'common water hemlock'),(427,'None'),(428,'Spottail Shiner'),(429,'alfalfa'),(430,'broad waterweed'),(431,'common lilac'),(432,'Gronovis hawkweed'),(433,'little love grass'),(434,'nodding onion'),(435,'swamp rose'),(436,'N/A'),(437,'Canada horseweed'),(438,'roundfruit hedgehyssop'),(439,'cup lichen'),(440,'Florida lettuce'),(441,'green addersmouth orchid'),(442,'Brown-headed Cowbird'),(443,'horned beakrush'),(444,'Lincoln\'s Sparrow'),(445,'Canvasback'),(446,'American milletgrass'),(447,'Mottled Darner'),(448,'Canadian moonseed'),(449,'nodding wakerobin'),(450,'halberd-leaf orache'),(451,'Brittle Spineflower'),(452,'N/A'),(453,'Brant'),(454,'arid goosefoot'),(455,'Chestnut-sided Warbler'),(456,'Burroweed'),(457,'N/A'),(458,'N/A'),(459,'Summer Tanager'),(460,'California cliff-brake'),(461,'Long-leaved Pondweed'),(462,'N/A'),(463,'N/A'),(464,'Net-leaf Hackberry'),(465,'Little Blue Heron'),(466,'Least Sandpiper'),(467,'Chuparosa'),(468,'western harvest mouse'),(469,'canyon treefrog'),(470,'Bigelow\'s Ragged Rock Flower'),(471,'Creosote Bush'),(472,'quaking aspen'),(473,'southern fire ant'),(474,'Hooded Warbler'),(475,'Glandular Nemacladus'),(476,'rabbitbrush'),(477,'Vaux\'s Swift'),(478,'Red-headed Woodpecker'),(479,'Heermann\'s Buckwheat'),(480,'Common Spikerush'),(481,'Slender Tropidocarpum'),(482,'brownspine pricklypear'),(483,'Fendler\'s sandmat'),(484,'N/A'),(485,'N/A'),(486,'Harris\'s Sparrow'),(487,'Flat-topped Buckwheat'),(488,'N/A'),(489,'Hoary Bowlesia'),(490,'desert cottontail'),(491,'Spiny Senna'),(492,'Yucca Giant-Skipper'),(493,'Narrow-leaved Manardella'),(494,'N/A'),(495,'Panamint springparsley'),(496,'N/A'),(497,'White Checkered-Skipper'),(498,'California Caltrop'),(499,'California Mustard'),(500,'Alkali Mariposa Lily'),(501,'Nuttall\'s fescue'),(502,'Lenticular sedge'),(503,'blue elderberry'),(504,'Great polemonium'),(505,'House Sparrow'),(506,'eulachon'),(507,'toad rush'),(508,'heartleaf twayblade'),(509,'Pedunculate lotus'),(510,'White-crowned Sparrow'),(511,'Northern Fulmar'),(512,'Barren fescue'),(513,'stink currant'),(514,'Rocky Mountain rush'),(515,'cup clover'),(516,'common grapefern'),(517,'New Mexico shrew'),(518,'Weak torreyochloa'),(519,'shiner surfperch'),(520,'Horned Puffin'),(521,'sweet root'),(522,'Mallard'),(523,'Californa polemonium'),(524,'Thick headed sedge'),(525,'common groundsel'),(526,'pipes'),(527,'Gray Jay'),(528,'Lewis\' Woodpecker'),(529,'balsam poplar'),(530,'pocket gopher'),(531,'Oregon\'s sedum'),(532,'Nootka alkaligrass'),(533,'thymeleaf speedwell'),(534,'western bumble bee'),(535,'Ground pine'),(536,'Common pink pyrola'),(537,'Common Goldeneye'),(538,'reed canary grass'),(539,'buckbean'),(540,'Swamp water-starwort'),(541,'brome'),(542,'Surprising willow-herb'),(543,'mountain water shrew'),(544,'Henderson\'s phlox'),(545,'hairy sandspurry'),(546,'White campion'),(547,'California danthonia'),(548,'Common western monkey-flower'),(549,'Snow brush ceanothus'),(550,'spiked woodrush'),(551,'Whiplash Daisy'),(552,'Shortailed Snowfly'),(553,'Eastern fence lizard'),(554,'common juniper'),(555,'soothsayer dart'),(556,'N/A'),(557,'N/A'),(558,'N/A'),(559,'Melissa Blue'),(560,'N/A'),(561,'N/A'),(562,'N/A'),(563,'N/A'),(564,'N/A'),(565,'N/A'),(566,'Eaton\'s thistle'),(567,'Colorado rush'),(568,'shore buttercup'),(569,'dryspike sedge'),(570,'dense-flower dock'),(571,'Avens'),(572,'N/A'),(573,'Burnt-orange Dandelion'),(574,'thimbleberry'),(575,'narrow-leaf four-o\'clock'),(576,'sand violet'),(577,'N/A'),(578,'mule-eared bat'),(579,'N/A'),(580,'Northern Parula'),(581,'Spotted Tussock Moth'),(582,'N/A'),(583,'Dewey sedge'),(584,'western spotted skunk'),(585,'Northern Shoveler'),(586,'Chestnut-sided Warbler'),(587,'N/A'),(588,'Bluebells'),(589,'N/A'),(590,'N/A'),(591,'American Redstart'),(592,'Highbush Cranberry'),(593,'white panicle aster'),(594,'Bebb Willow'),(595,'Reakirt\'s Blue'),(596,'grimmia dry rock moss'),(597,'silver-haired bat'),(598,'Payson\'s lousewort'),(599,'N/A'),(600,'N/A'),(601,'Lewis\' monkeyflower'),(602,'boreal locoweed'),(603,'N/A'),(604,'baby blueeyes'),(605,'N/A'),(606,'meadow sedge'),(607,'California Gull'),(608,'N/A'),(609,'Hayden\'s clover'),(610,'woolbearing dandelion'),(611,'blue honeysuckle'),(612,'Wandering Tattler'),(613,'Hydaspe Fritillary'),(614,'Western Sandpiper'),(615,'American thorow wax'),(616,'buff fleabane'),(617,'N/A'),(618,'N/A'),(619,'N/A'),(620,'N/A'),(621,'Glass Physa'),(622,'Garita Skipperling'),(623,'N/A'),(624,'Parry pointvetch'),(625,'N/A'),(626,'blackfoot groundsmoke'),(627,'N/A'),(628,'Sagebrush Checkerspot'),(629,'N/A'),(630,'Great Blue Heron'),(631,'N/A'),(632,'western coneflower'),(633,'side-flower miterwort'),(634,'N/A'),(635,'woolly pussytoes'),(636,'Greater Scaup'),(637,'American Wigeon'),(638,'N/A'),(639,'red carpet'),(640,'N/A'),(641,'common grapefern'),(642,'White-breasted Nuthatch'),(643,'N/A'),(644,'N/A'),(645,'N/A'),(646,'Northern Rubber Boa'),(647,'Fly'),(648,'Caspian Tern'),(649,'alpine pondweed'),(650,'Threeridge Valvata'),(651,'variableleaf jewelflower'),(652,'pioneer rockcress'),(653,'bullfrog'),(654,'cobwebby thistle'),(655,'broomsedge'),(656,'wand buckwheat'),(657,'orange-crowned warbler'),(658,'fivestamen miterwort'),(659,'California rayless daisy'),(660,'Bushy-tailed Woodrat'),(661,'Sierra checkerbloom'),(662,'golden sedge'),(663,'redosier dogwood'),(664,'California Condor'),(665,'naked sedge'),(666,'Lyall\'s rockcress'),(667,'Arc Dome draba'),(668,'swamp carex'),(669,'alpine prickly currant'),(670,'Child\'s blue eyed Mary'),(671,'northwest cinquefoil'),(672,'arumleaf arrowhead'),(673,'Varied Thrush'),(674,'N/A'),(675,'candelabrum monkeyflower'),(676,'N/A'),(677,'meadow thistle'),(678,'cutleaf daisy'),(679,'hairy arnica'),(680,'Gray\'s broomrape'),(681,'Pinto Bat'),(682,'false carrot'),(683,'golden eardrops'),(684,'dense false gilia'),(685,'pimpernel'),(686,'Italian ryegrass'),(687,'Common Yellowthroat'),(688,'Black-headed Grosbeak'),(689,'pointed catseye'),(690,'Hell Hollow slender salamander'),(691,'Parish\'s yampah'),(692,'Gray\'s cinquefoil'),(693,'dwarf bulrush'),(694,'California yerba santa'),(695,'magnolia warbler'),(696,'low phacelia'),(697,'alpine spicywintergreen'),(698,'red huckleberry'),(699,'Black-chinned Hummingbird'),(700,'manyflower tobacco'),(701,'arid wild buckwheat'),(702,'Sagebrush Sparrow'),(703,'false buffalograss'),(704,'hairy golden-aster'),(705,'western stoneseed'),(706,'hairy crabgrass'),(707,'tanseyleaf aster'),(708,'vine mesquite'),(709,'Jones\' phlox'),(710,'Tall wheatgrass'),(711,'few-lobe oak'),(712,'Arizona hymenoxys'),(713,'sand rabbitbrush'),(714,'Hairy tridens'),(715,'velvet ash'),(716,'pale cholla'),(717,'Say\'s Phoebe'),(718,'Inca Dove'),(719,'singleleaf pinyon'),(720,'Ferris\' scouring-rush'),(721,'Utah yucca'),(722,'Rock gilia'),(723,'Lazuli Bunting'),(724,'Mohave globemallow'),(725,'desert golden-poppy'),(726,'Woodhouse\'s Scrub-Jay'),(727,'hairy daisy'),(728,'Marbled Godwit'),(729,'Eaton\'s penstemon'),(730,'Davidson\'s wild buckwheat'),(731,'yellow beeplant'),(732,'northern leopard frog'),(733,'golden wild buckwheat'),(734,'Western Grebe'),(735,'mountain brome'),(736,'Canadian horseweed'),(737,'Booth\'s willow'),(738,'Wooton\'s lip-fern'),(739,'muttongrass'),(740,'Gerbil'),(741,'bluebunch wheatgrass'),(742,'Northern Rough-winged Swallow'),(743,'Chipping Sparrow'),(744,'Heartleaf bittercress'),(745,'common pear'),(746,'field hedge-parsley'),(747,'Spiny hopsage'),(748,'Goldfish'),(749,'ridge-seeded spurge'),(750,'mountain death camas');
/*!40000 ALTER TABLE `species_common` ENABLE KEYS */;
UNLOCK TABLES;

--
-- Temporary view structure for view `species_common_weed`
--

DROP TABLE IF EXISTS `species_common_weed`;
/*!50001 DROP VIEW IF EXISTS `species_common_weed`*/;
SET @saved_cs_client     = @@character_set_client;
/*!50503 SET character_set_client = utf8mb4 */;
/*!50001 CREATE VIEW `species_common_weed` AS SELECT 
 1 AS `species_scientific_name`,
 1 AS `species_common_name`*/;
SET character_set_client = @saved_cs_client;

--
-- Table structure for table `species_family`
--

DROP TABLE IF EXISTS `species_family`;
/*!40101 SET @saved_cs_client     = @@character_set_client */;
/*!50503 SET character_set_client = utf8mb4 */;
CREATE TABLE `species_family` (
  `species_family_id` int NOT NULL,
  `species_family` varchar(45) DEFAULT NULL,
  PRIMARY KEY (`species_family_id`)
) ENGINE=InnoDB DEFAULT CHARSET=utf8mb3;
/*!40101 SET character_set_client = @saved_cs_client */;

--
-- Dumping data for table `species_family`
--

LOCK TABLES `species_family` WRITE;
/*!40000 ALTER TABLE `species_family` DISABLE KEYS */;
INSERT INTO `species_family` VALUES (1,'Orchidaceae'),(2,'Cyperaceae'),(3,'Lamiaceae'),(4,'Alcidae'),(5,'Leuciscidae'),(6,'Poaceae'),(7,'N/A'),(8,'Asteraceae'),(9,'Haloragaceae'),(10,'Balsaminaceae'),(11,'Tytonidae'),(12,'Rosaceae'),(13,'Fabaceae'),(14,'Plantaginaceae'),(15,'Turdidae'),(16,'Vespertilionidae'),(17,'Onagraceae'),(18,'Brassicaceae'),(19,'Emydidae'),(20,'Liliaceae'),(21,'Parulidae'),(22,'Scolopacidae'),(23,'Hypericaceae'),(24,'Hirundinidae'),(25,'Rallidae'),(26,'Vireonidae'),(27,'Catostomidae'),(28,'Ardeidae'),(29,'Berberidaceae'),(30,'Strigidae'),(31,'Caryophyllaceae'),(32,'Polygonaceae'),(33,'Hydrocharitaceae'),(34,'Icteridae'),(35,'Ericaceae'),(36,'Tyrannidae'),(37,'Lycopodiaceae'),(38,'Juncaginaceae'),(39,'Elaeagnaceae'),(40,'Orobanchaceae'),(41,'Troglodytidae'),(42,'Iguanidae'),(43,'Sciuridae'),(44,'Cricetidae'),(45,'Sittidae'),(46,'Asparagaceae'),(47,'Boraginaceae'),(48,'Apiaceae'),(49,'Passerellidae'),(50,'Anatidae'),(51,'Montiaceae'),(52,'Cupressaceae'),(53,'Malvaceae'),(54,'Anacardiaceae'),(55,'Scincidae'),(56,'Urticaceae'),(57,'Smilacaceae'),(58,'Sapindaceae'),(59,'Chironomidae'),(60,'Nymphalidae'),(61,'Acoraceae'),(62,'Hydrophilidae'),(63,'Leuctridae'),(64,'Magnoliaceae'),(65,'Chelydridae'),(66,'Ranunculaceae'),(67,'Alismataceae'),(68,'Colchicaceae'),(69,'Dytiscidae'),(70,'Euphorbiaceae'),(71,'Lauraceae'),(72,'Solanaceae'),(73,'Oleaceae'),(74,'Accipitridae'),(75,'Salicaceae'),(76,'Amaryllidaceae'),(77,'Platanaceae'),(78,'Osmundaceae'),(79,'Ephemerellidae'),(80,'Ditrichaceae'),(81,'Ophioglossaceae'),(82,'Bartramiaceae'),(83,'Saxifragaceae'),(84,'Gaviidae'),(85,'Buxbaumiaceae'),(86,'Scapaniaceae'),(87,'Heptageniidae'),(88,'Equisetaceae'),(89,'Culicidae'),(90,'Chirocephalidae'),(91,'Pottiaceae'),(92,'Juncaceae'),(93,'Catillariaceae'),(94,'Pupillidae'),(95,'Certhiidae'),(96,'Cladoniaceae'),(97,'Amaranthaceae'),(98,'Iridaceae'),(99,'Hylocomiaceae'),(100,'Salmonidae'),(101,'Hedwigiaceae'),(102,'Amblystegiaceae'),(103,'Peltigeraceae'),(104,'Polioptilidae'),(105,'Fringillidae'),(106,'Cystopteridaceae'),(107,'Heteromyidae'),(108,'Picidae'),(109,'Theridiidae'),(110,'Polemoniaceae'),(111,'Woodsiaceae'),(112,'Rutaceae'),(113,'Viperidae'),(114,'Pinaceae'),(115,'Loasaceae'),(116,'Nyctaginaceae'),(117,'Celastraceae'),(118,'Limnanthaceae'),(119,'Gentianaceae'),(120,'Lymnaeidae'),(121,'Caprifoliaceae'),(122,'Podicipedidae'),(123,'Phrymaceae'),(124,'Pelecanidae'),(125,'Violaceae'),(126,'Pucciniaceae'),(127,'Primulaceae'),(128,'Elmidae'),(129,'Sparassidae'),(130,'Plectreuridae'),(131,'Tachinidae'),(132,'Pteromalidae'),(133,'Linyphiidae'),(134,'Sarcophagidae'),(135,'Thomisidae'),(136,'Psathyrellaceae'),(137,'Naididae'),(138,'Scarabaeidae'),(139,'Fanniidae'),(140,'Gnaphosidae'),(141,'Milnesiidae'),(142,'Hygrophoraceae'),(143,'Agaricaceae'),(144,'Philodromidae'),(145,'Pentatomidae'),(146,'Oripodidae'),(147,'Russulaceae'),(148,'Sphingidae'),(149,'Brachycentridae'),(150,'Notodontidae'),(151,'Nectriaceae'),(152,'Cyclopidae'),(153,'Lycosidae'),(154,'Tricholomataceae'),(155,'Asilidae'),(156,'Agelenidae'),(157,'Acrididae'),(158,'Eosentomidae'),(159,'Chrysomelidae'),(160,'Perlodidae'),(161,'Carabidae'),(162,'Limnocharidae'),(163,'Agromyzidae'),(164,'Lecanoraceae'),(165,'Neelidae'),(166,'Noctuidae'),(167,'Erotylidae'),(168,'Uloboridae'),(169,'Rhoicospheniaceae'),(170,'Dryopteridaceae'),(171,'Melanthiaceae'),(172,'Fagaceae'),(173,'Cathartidae'),(174,'Colubridae'),(175,'Amiidae'),(176,'Regulidae'),(177,'Euglenaceae'),(178,'Caprimulgidae'),(179,'Hylidae'),(180,'Brachionidae'),(181,'Cannaceae'),(182,'Corvidae'),(183,'Centrarchidae'),(184,'Ictaluridae'),(185,'Commelinaceae'),(186,'Oxalidaceae'),(187,'Crassulaceae'),(188,'Rivulariaceae'),(189,'Juglandaceae'),(190,'Moraceae'),(191,'Columbidae'),(192,'Lentibulariaceae'),(193,'Nyssaceae'),(194,'Plethodontidae'),(195,'Hesperiidae'),(196,'Erethizontidae'),(197,'Soricidae'),(198,'Parmeliaceae'),(199,'Aeshnidae'),(200,'Menispermaceae'),(201,'Pasteurellaceae'),(202,'Formicidae'),(203,'Cardinalidae'),(204,'Pteridaceae'),(205,'Potamogetonaceae'),(206,'Oppiidae'),(207,'Cannabaceae'),(208,'Acanthaceae'),(209,'Crossosomataceae'),(210,'Zygophyllaceae'),(211,'Campanulaceae'),(212,'Apodidae'),(213,'Cactaceae'),(214,'Araneidae'),(215,'Leporidae'),(216,'Adoxaceae'),(217,'Passeridae'),(218,'Osmeridae'),(219,'Procellariidae'),(220,'Grossulariaceae'),(221,'Embiotocidae'),(222,'Geomyidae'),(223,'Apidae'),(224,'Menyanthaceae'),(225,'Rhamnaceae'),(226,'Capniidae'),(227,'Fissidentaceae'),(228,'Lycaenidae'),(229,'Plagiotheciaceae'),(230,'Dictyosphaeriaceae'),(231,'Achnanthaceae'),(232,'Amphipleuraceae'),(233,'Volvocaceae'),(234,'Chrysococcaceae'),(235,'Chrysopidae'),(236,'Cortinariaceae'),(237,'Erebidae'),(238,'Mephitidae'),(239,'Sellaphoraceae'),(240,'Grimmiaceae'),(241,'Loxodidae'),(242,'Fragilariaceae'),(243,'Curculionidae'),(244,'Hydrophyllaceae'),(245,'Laridae'),(246,'Pieridae'),(247,'Hydropsychidae'),(248,'Physidae'),(249,'Coccinellidae'),(250,'Staphylinidae'),(251,'Geometridae'),(252,'Achnanthidiaceae'),(253,'Glossosomatidae'),(254,'Charinidae'),(255,'Tabanidae'),(256,'Valvatidae'),(257,'Ranidae'),(258,'Cornaceae'),(259,'Papaveraceae'),(260,'Trochilidae'),(261,'Emberizidae'),(262,'Cleomaceae'),(263,'Muridae'),(264,'Cyprinidae');
/*!40000 ALTER TABLE `species_family` ENABLE KEYS */;
UNLOCK TABLES;

--
-- Temporary view structure for view `species_family_aceae`
--

DROP TABLE IF EXISTS `species_family_aceae`;
/*!50001 DROP VIEW IF EXISTS `species_family_aceae`*/;
SET @saved_cs_client     = @@character_set_client;
/*!50503 SET character_set_client = utf8mb4 */;
/*!50001 CREATE VIEW `species_family_aceae` AS SELECT 
 1 AS `species_scientific_name`,
 1 AS `species_family`*/;
SET character_set_client = @saved_cs_client;

--
-- Table structure for table `species_order`
--

DROP TABLE IF EXISTS `species_order`;
/*!40101 SET @saved_cs_client     = @@character_set_client */;
/*!50503 SET character_set_client = utf8mb4 */;
CREATE TABLE `species_order` (
  `species_order_id` int NOT NULL,
  `species_order` varchar(45) DEFAULT NULL,
  PRIMARY KEY (`species_order_id`)
) ENGINE=InnoDB DEFAULT CHARSET=utf8mb3;
/*!40101 SET character_set_client = @saved_cs_client */;

--
-- Dumping data for table `species_order`
--

LOCK TABLES `species_order` WRITE;
/*!40000 ALTER TABLE `species_order` DISABLE KEYS */;
INSERT INTO `species_order` VALUES (1,'Asparagales'),(2,'Poales'),(3,'Lamiales'),(4,'Charadriiformes'),(5,'Cypriniformes'),(6,'N/A'),(7,'Asterales'),(8,'Saxifragales'),(9,'Ericales'),(10,'Strigiformes'),(11,'Rosales'),(12,'Fabales'),(13,'Passeriformes'),(14,'Chiroptera'),(15,'Myrtales'),(16,'Brassicales'),(17,'Testudines'),(18,'Liliales'),(19,'Malpighiales'),(20,'Gruiformes'),(21,'Pelecaniformes'),(22,'Ranunculales'),(23,'Caryophyllales'),(24,'Alismatales'),(25,'Lycopodiales'),(26,'Squamata'),(27,'Rodentia'),(28,'Boraginales'),(29,'Apiales'),(30,'Anseriformes'),(31,'Pinales'),(32,'Malvales'),(33,'Sapindales'),(34,'Diptera'),(35,'Lepidoptera'),(36,'Acorales'),(37,'Coleoptera'),(38,'Plecoptera'),(39,'Magnoliales'),(40,'Laurales'),(41,'Solanales'),(42,'Accipitriformes'),(43,'Proteales'),(44,'Osmundales'),(45,'Ephemeroptera'),(46,'Dicranales'),(47,'Ophioglossales'),(48,'Bartramiales'),(49,'Gaviiformes'),(50,'Buxbaumiales'),(51,'Jungermanniales'),(52,'Equisetales'),(53,'Anostraca'),(54,'Pottiales'),(55,'Rhizocarpales'),(56,'Helicida'),(57,'Lecanorales'),(58,'Hypnales'),(59,'Salmoniformes'),(60,'Hedwigiales'),(61,'Peltigerales'),(62,'Polypodiales'),(63,'Piciformes'),(64,'Araneae'),(65,'Cornales'),(66,'Celastrales'),(67,'Gentianales'),(68,'Lymnaeida'),(69,'Dipsacales'),(70,'Podicipediformes'),(71,'Pucciniales'),(72,'Hymenoptera'),(73,'Agaricales'),(74,'Tubificida'),(75,'Apochela'),(76,'Hemiptera'),(77,'Sarcoptiformes'),(78,'Russulales'),(79,'Trichoptera'),(80,'Hypocreales'),(81,'Cyclopoida'),(82,'Orthoptera'),(83,'Protura'),(84,'Trombidiformes'),(85,'Collembola'),(86,'Cymbellales'),(87,'Fagales'),(88,'Amiiformes'),(89,'Euglenales'),(90,'Caprimulgiformes'),(91,'Anura'),(92,'Ploima'),(93,'Zingiberales'),(94,'Perciformes'),(95,'Siluriformes'),(96,'Commelinales'),(97,'Oxalidales'),(98,'Nostocales'),(99,'Columbiformes'),(100,'Caudata'),(101,'Soricomorpha'),(102,'Odonata'),(103,'Pasteurellales'),(104,'Crossosomatales'),(105,'Zygophyllales'),(106,'Apodiformes'),(107,'Lagomorpha'),(108,'Osmeriformes'),(109,'Procellariiformes'),(110,'Chlamydomonadales'),(111,'Achnanthales'),(112,'Naviculales'),(113,'Chromalinales'),(114,'Neuroptera'),(115,'Carnivora'),(116,'Grimmiales'),(117,'Fragilariales'),(118,'Ectobranchia');
/*!40000 ALTER TABLE `species_order` ENABLE KEYS */;
UNLOCK TABLES;

--
-- Table structure for table `species_park`
--

DROP TABLE IF EXISTS `species_park`;
/*!40101 SET @saved_cs_client     = @@character_set_client */;
/*!50503 SET character_set_client = utf8mb4 */;
CREATE TABLE `species_park` (
  `species_scientific_id` int NOT NULL,
  `park_id` int NOT NULL,
  PRIMARY KEY (`species_scientific_id`,`park_id`),
  KEY `fk_species_park_park1_idx` (`park_id`),
  CONSTRAINT `fk_species_park_species_scientific1` FOREIGN KEY (`species_scientific_id`) REFERENCES `species_scientific` (`species_scientific_id`)
) ENGINE=InnoDB DEFAULT CHARSET=utf8mb3;
/*!40101 SET character_set_client = @saved_cs_client */;

--
-- Dumping data for table `species_park`
--

LOCK TABLES `species_park` WRITE;
/*!40000 ALTER TABLE `species_park` DISABLE KEYS */;
INSERT INTO `species_park` VALUES (1,1),(2,1),(3,1),(4,1),(5,1),(6,1),(7,1),(8,1),(9,1),(10,1),(11,1),(12,1),(13,1),(14,1),(15,1),(16,1),(17,1),(18,1),(19,1),(20,1),(21,1),(22,1),(23,1),(24,1),(25,1),(26,1),(27,1),(28,1),(29,1),(30,1),(31,1),(32,1),(33,1),(34,1),(35,1),(36,1),(37,1),(38,1),(39,1),(40,1),(41,1),(42,1),(43,1),(44,1),(45,1),(46,1),(47,1),(48,1),(49,1),(50,1),(51,2),(52,2),(53,2),(54,2),(55,2),(56,2),(57,2),(58,2),(59,2),(60,2),(61,2),(62,2),(63,2),(64,2),(65,2),(66,2),(67,2),(68,2),(69,2),(70,2),(71,2),(72,2),(73,2),(74,2),(75,2),(76,2),(77,2),(78,2),(79,2),(80,2),(81,2),(82,2),(83,2),(84,2),(85,2),(86,2),(87,2),(88,2),(89,2),(90,2),(91,2),(92,2),(93,2),(94,2),(95,2),(96,2),(97,2),(98,2),(99,2),(100,2),(18,3),(101,3),(102,3),(103,3),(104,3),(105,3),(106,3),(107,3),(108,3),(109,3),(110,3),(111,3),(112,3),(113,3),(114,3),(115,3),(116,3),(117,3),(118,3),(119,3),(120,3),(121,3),(122,3),(123,3),(124,3),(125,3),(126,3),(127,3),(128,3),(129,3),(130,3),(131,3),(132,3),(133,3),(134,3),(135,3),(136,3),(137,3),(138,3),(139,3),(140,3),(141,3),(142,3),(143,3),(144,3),(145,3),(146,3),(147,3),(148,3),(149,3),(151,4),(152,4),(153,4),(154,4),(155,4),(156,4),(157,4),(158,4),(159,4),(160,4),(161,4),(162,4),(163,4),(164,4),(165,4),(166,4),(167,4),(168,4),(169,4),(170,4),(171,4),(172,4),(173,4),(174,4),(175,4),(176,4),(177,4),(178,4),(179,4),(180,4),(181,4),(182,4),(183,4),(184,4),(185,4),(186,4),(187,4),(188,4),(189,4),(190,4),(191,4),(192,4),(193,4),(194,4),(195,4),(196,4),(197,4),(198,4),(199,4),(200,4),(43,5),(201,5),(202,5),(203,5),(204,5),(205,5),(206,5),(207,5),(208,5),(209,5),(210,5),(211,5),(212,5),(213,5),(214,5),(215,5),(216,5),(217,5),(218,5),(220,5),(221,5),(222,5),(223,5),(224,5),(225,5),(226,5),(227,5),(228,5),(229,5),(230,5),(231,5),(232,5),(233,5),(234,5),(235,5),(236,5),(237,5),(238,5),(239,5),(240,5),(241,5),(242,5),(243,5),(244,5),(245,5),(246,5),(247,5),(248,5),(249,5),(250,5),(39,6),(155,6),(168,6),(251,6),(253,6),(254,6),(255,6),(256,6),(257,6),(258,6),(259,6),(260,6),(261,6),(262,6),(263,6),(264,6),(265,6),(267,6),(268,6),(269,6),(270,6),(271,6),(272,6),(273,6),(274,6),(275,6),(276,6),(277,6),(278,6),(279,6),(280,6),(282,6),(283,6),(284,6),(285,6),(286,6),(287,6),(288,6),(289,6),(290,6),(291,6),(292,6),(293,6),(294,6),(295,6),(296,6),(297,6),(298,6),(299,6),(300,6),(301,7),(302,7),(303,7),(304,7),(305,7),(306,7),(307,7),(308,7),(309,7),(310,7),(311,7),(312,7),(313,7),(314,7),(315,7),(316,7),(317,7),(318,7),(319,7),(320,7),(321,7),(322,7),(323,7),(324,7),(325,7),(326,7),(327,7),(328,7),(329,7),(330,7),(331,7),(332,7),(333,7),(334,7),(335,7),(336,7),(337,7),(338,7),(339,7),(340,7),(341,7),(342,7),(343,7),(344,7),(345,7),(346,7),(347,7),(348,7),(349,7),(350,7),(186,8),(351,8),(352,8),(353,8),(354,8),(355,8),(356,8),(357,8),(358,8),(360,8),(361,8),(362,8),(363,8),(364,8),(365,8),(366,8),(367,8),(368,8),(369,8),(370,8),(371,8),(372,8),(373,8),(374,8),(375,8),(376,8),(377,8),(378,8),(379,8),(380,8),(381,8),(382,8),(383,8),(384,8),(385,8),(386,8),(387,8),(388,8),(389,8),(390,8),(391,8),(392,8),(393,8),(394,8),(395,8),(396,8),(397,8),(398,8),(399,8),(400,8),(146,9),(299,9),(401,9),(402,9),(403,9),(404,9),(405,9),(406,9),(407,9),(408,9),(409,9),(410,9),(411,9),(412,9),(413,9),(414,9),(415,9),(416,9),(417,9),(418,9),(419,9),(420,9),(421,9),(422,9),(423,9),(424,9),(425,9),(426,9),(427,9),(428,9),(429,9),(430,9),(431,9),(432,9),(433,9),(435,9),(436,9),(437,9),(438,9),(439,9),(441,9),(442,9),(443,9),(444,9),(445,9),(446,9),(447,9),(448,9),(449,9),(450,9),(451,10),(452,10),(453,10),(454,10),(455,10),(456,10),(457,10),(458,10),(459,10),(460,10),(461,10),(462,10),(463,10),(464,10),(465,10),(466,10),(467,10),(468,10),(469,10),(470,10),(471,10),(472,10),(473,10),(474,10),(475,10),(476,10),(477,10),(478,10),(479,10),(480,10),(481,10),(482,10),(483,10),(484,10),(485,10),(486,10),(487,10),(488,10),(489,10),(490,10),(491,10),(492,10),(493,10),(494,10),(495,10),(496,10),(497,10),(498,10),(499,10),(500,10),(162,11),(413,11),(501,11),(502,11),(503,11),(504,11),(505,11),(506,11),(507,11),(508,11),(509,11),(510,11),(511,11),(512,11),(513,11),(514,11),(515,11),(516,11),(517,11),(519,11),(520,11),(521,11),(522,11),(523,11),(524,11),(525,11),(526,11),(527,11),(528,11),(529,11),(530,11),(531,11),(532,11),(533,11),(534,11),(535,11),(536,11),(537,11),(538,11),(539,11),(540,11),(541,11),(542,11),(543,11),(544,11),(545,11),(547,11),(548,11),(549,11),(550,11),(94,12),(238,12),(551,12),(552,12),(553,12),(554,12),(555,12),(556,12),(557,12),(558,12),(559,12),(560,12),(561,12),(562,12),(563,12),(564,12),(565,12),(566,12),(567,12),(568,12),(569,12),(570,12),(571,12),(572,12),(573,12),(574,12),(576,12),(577,12),(579,12),(580,12),(581,12),(582,12),(583,12),(584,12),(585,12),(586,12),(587,12),(588,12),(589,12),(590,12),(591,12),(592,12),(594,12),(595,12),(596,12),(597,12),(598,12),(599,12),(600,12),(69,13),(294,13),(516,13),(601,13),(602,13),(603,13),(604,13),(605,13),(606,13),(607,13),(608,13),(609,13),(610,13),(611,13),(612,13),(613,13),(614,13),(615,13),(616,13),(617,13),(618,13),(619,13),(620,13),(621,13),(622,13),(623,13),(624,13),(625,13),(626,13),(627,13),(628,13),(629,13),(630,13),(631,13),(632,13),(633,13),(634,13),(635,13),(637,13),(638,13),(639,13),(640,13),(643,13),(644,13),(645,13),(646,13),(647,13),(648,13),(649,13),(650,13),(29,14),(651,14),(652,14),(653,14),(654,14),(655,14),(656,14),(657,14),(658,14),(659,14),(660,14),(661,14),(662,14),(663,14),(664,14),(665,14),(666,14),(667,14),(668,14),(669,14),(670,14),(671,14),(672,14),(674,14),(675,14),(676,14),(677,14),(678,14),(679,14),(680,14),(681,14),(682,14),(683,14),(684,14),(685,14),(686,14),(687,14),(688,14),(689,14),(690,14),(691,14),(692,14),(693,14),(694,14),(695,14),(696,14),(697,14),(698,14),(699,14),(700,14),(53,15),(78,15),(85,15),(701,15),(702,15),(703,15),(704,15),(705,15),(706,15),(707,15),(708,15),(709,15),(711,15),(712,15),(713,15),(714,15),(715,15),(716,15),(717,15),(718,15),(719,15),(720,15),(721,15),(722,15),(723,15),(724,15),(725,15),(726,15),(727,15),(728,15),(730,15),(731,15),(732,15),(733,15),(734,15),(735,15),(736,15),(737,15),(738,15),(739,15),(740,15),(741,15),(742,15),(744,15),(745,15),(746,15),(747,15),(748,15),(749,15),(750,15);
/*!40000 ALTER TABLE `species_park` ENABLE KEYS */;
UNLOCK TABLES;

--
-- Table structure for table `species_scientific`
--

DROP TABLE IF EXISTS `species_scientific`;
/*!40101 SET @saved_cs_client     = @@character_set_client */;
/*!50503 SET character_set_client = utf8mb4 */;
CREATE TABLE `species_scientific` (
  `species_scientific_id` int NOT NULL,
  `species_scientific_name` varchar(45) DEFAULT NULL,
  `species_category_id` int NOT NULL,
  `species_family_id` int NOT NULL,
  `species_common_id` int NOT NULL,
  `species_order_id` int NOT NULL,
  PRIMARY KEY (`species_scientific_id`),
  KEY `fk_species_scientific_species_category_idx` (`species_category_id`),
  KEY `fk_species_scientific_species_family1_idx` (`species_family_id`),
  KEY `fk_species_scientific_species_common1_idx` (`species_common_id`),
  KEY `fk_species_scientific_species_order1_idx` (`species_order_id`),
  CONSTRAINT `fk_species_scientific_species_category` FOREIGN KEY (`species_category_id`) REFERENCES `species_category` (`species_category_id`),
  CONSTRAINT `fk_species_scientific_species_common1` FOREIGN KEY (`species_common_id`) REFERENCES `species_common` (`species_common_id`),
  CONSTRAINT `fk_species_scientific_species_family1` FOREIGN KEY (`species_family_id`) REFERENCES `species_family` (`species_family_id`),
  CONSTRAINT `fk_species_scientific_species_order1` FOREIGN KEY (`species_order_id`) REFERENCES `species_order` (`species_order_id`)
) ENGINE=InnoDB DEFAULT CHARSET=utf8mb3;
/*!40101 SET character_set_client = @saved_cs_client */;

--
-- Dumping data for table `species_scientific`
--

LOCK TABLES `species_scientific` WRITE;
/*!40000 ALTER TABLE `species_scientific` DISABLE KEYS */;
INSERT INTO `species_scientific` VALUES (1,'Calopogon tuberosus',1,1,1,1),(2,'Carex pallescens',1,2,2,2),(3,'Satureja hortensis',1,3,3,3),(4,'Uria lomvia',2,4,4,4),(5,'Phoxinus eos',3,5,5,5),(6,'Festuca filiformis',1,6,6,2),(7,'Dryopteris cristata x intermedia',1,7,7,6),(8,'Anthemis cotula',1,8,8,7),(9,'Proserpinaca pectinata',1,9,9,8),(10,'Impatiens glandulifera',1,10,10,9),(11,'Tyto alba',2,11,11,10),(12,'Senecio jacobaea',1,8,12,7),(13,'Rubus vermontanus',1,12,13,11),(14,'Robinia viscosa',1,13,14,12),(15,'Carex mackenziei',1,2,15,2),(16,'Sibbaldiopsis tridentata',1,12,16,11),(17,'Veronica persica',1,14,17,3),(18,'Catharus fuscescens',2,15,18,13),(19,'Arctium vulgare',1,8,19,7),(20,'Lasiurus cinereus',4,16,20,14),(21,'Oenothera laciniata',1,17,21,15),(22,'Lepidium virginicum',1,18,22,16),(23,'Clemmys insculpta',5,19,23,17),(24,'Lilium lancifolium',1,20,24,18),(25,'Sorbaria sorbifolia',1,12,25,11),(26,'Dendroica magnolia',2,21,26,13),(27,'Amelanchier interior',1,12,27,11),(28,'Tringa melanoleuca',2,22,28,4),(29,'Ixoreus naevius',2,15,29,13),(30,'Hypericum prolificum',1,23,30,19),(31,'Riparia riparia',2,24,31,13),(32,'Carex pseudocyperus',1,2,32,2),(33,'Porzana carolina',2,25,33,20),(34,'Vireo solitarius',2,26,34,13),(35,'Catostomus commersoni',3,27,35,5),(36,'Egretta thula',2,28,36,21),(37,'Berberis vulgaris',1,29,37,22),(38,'Hypericum gentianoides',1,23,38,19),(39,'Achillea ptarmica',1,8,39,7),(40,'Artemisia stelleriana',1,8,40,7),(41,'Surnia ulula',2,30,41,10),(42,'Alopecurus pratensis',1,6,42,2),(43,'Cerastium arvense',1,31,43,23),(44,'Rumex patientia',1,32,44,23),(45,'Najas gracillima',1,33,45,24),(46,'Icterus bullockii',2,34,46,13),(47,'Mentha arvensis',1,3,47,3),(48,'Gaylussacia dumosa var. bigeloviana',1,35,48,9),(49,'Empidonax flaviventris',2,36,49,13),(50,'Lycopodium annotinum',1,37,50,25),(51,'Potentilla plattensis',1,12,51,11),(52,'Triglochin palustris',1,38,52,24),(53,'Penstemon eatonii var. eatonii',1,14,53,3),(54,'Artemisia tridentata var. wyomingensis',1,8,54,7),(55,'Elaeagnus angustifolia',1,39,55,11),(56,'Orobanche fasciculata',1,40,56,3),(57,'Troglodytes aedon',2,41,57,13),(58,'Erigeron argentatus',1,8,58,7),(59,'Sceloporus graciosus',5,42,59,26),(60,'Bahia dissecta',1,8,60,7),(61,'Thlaspi arvense',1,18,61,16),(62,'Centaurea maculosa',1,8,62,7),(63,'Neotamias minimus',4,43,63,27),(64,'Microtus longicaudus',4,44,64,27),(65,'Sitta canadensis',2,45,65,13),(66,'Yucca angustissima',1,46,66,1),(67,'Viguiera longifolia var. annua',1,8,67,7),(68,'Erigeron pumilus var. condensatus',1,8,68,7),(69,'Sitta carolinensis',2,45,69,13),(70,'Phleum pratense',1,6,70,2),(71,'Cryptantha cinerea var. cinerea',1,47,71,28),(72,'Oreoxis alpina',1,48,72,29),(73,'Arabis selbyi',1,18,73,16),(74,'Machaeranthera canescens var. aristata',1,8,74,7),(75,'Cymopterus purpurascens',1,48,75,29),(76,'Actitis macularius',2,22,76,4),(77,'Hymenopappus filifolius var. cinereus',1,8,77,7),(78,'Spizella passerina',2,49,78,13),(79,'Petradoria pumila var. pumila',1,8,79,7),(80,'Cryptantha flavoculata',1,47,80,28),(81,'Bucephala albeola',2,50,81,30),(82,'Purshia tridentata',1,12,82,11),(83,'Lewisia pygmaea',1,51,83,23),(84,'Limnodromus scolopaceus',2,22,84,4),(85,'Elymus elongatus',1,6,85,2),(86,'Trifolium fragiferum',1,13,86,12),(87,'Peromyscus crinitus',4,44,87,27),(88,'Phragmites australis',1,6,88,2),(89,'Juniperus scopulorum',1,52,89,31),(90,'Astragalus kentrophyta var. tegetarius',1,13,90,12),(91,'Brickellia grandiflora',1,8,91,7),(92,'Spartina gracilis',1,6,92,2),(93,'Sidalcea neomexicana',1,53,93,32),(94,'Corynorhinus townsendii',4,16,94,14),(95,'Solidago simplex',1,8,95,7),(96,'Toxicodendron rydbergii',1,54,96,33),(97,'Eumeces skiltonianus',5,55,97,26),(98,'Lemmiscus curtatus',4,44,98,27),(99,'Arenaria nuttallii',1,31,99,23),(100,'Amelanchier alnifolia',1,12,100,11),(101,'Urtica dioica var. procera',1,56,101,11),(102,'Smilax glauca',1,57,102,18),(103,'Aythya affinis',2,50,103,30),(104,'Acer nigrum',1,58,104,33),(105,'Epifagus virginiana',1,40,105,3),(106,'Polypedilum fallax',6,59,106,34),(107,'Lethe eurydice eurydice',6,60,107,35),(108,'Saponaria officinalis',1,31,108,23),(109,'Ambrosia trifida var. trifida',1,8,109,7),(110,'Pyrola secunda',1,35,110,9),(111,'Carex muehlenbergii',1,2,111,2),(112,'Acorus calamus',1,61,112,36),(113,'Sperchopsis tessellata',6,62,113,37),(114,'Hieracium X floribundum',1,8,114,7),(115,'Cirsium arvense',1,8,115,7),(116,'Leuctra tenuis',6,63,116,38),(117,'Liriodendron tulipifera',1,64,117,39),(118,'Juniperus horizontalis',1,52,118,31),(119,'Artemisia vulgaris',1,8,119,7),(120,'Lamium purpureum',1,3,120,3),(121,'Lycopodium clavatum',1,37,121,25),(122,'Ammodramus nelsoni',2,49,122,13),(123,'Chelydra serpentina',5,65,123,17),(124,'Ranunculus sceleratus',1,66,124,22),(125,'Anas strepera',2,50,125,30),(126,'Alisma plantago-aquatica var. americanum',1,67,126,24),(127,'Amelanchier canadensis',1,12,127,11),(128,'Uvularia perfoliata',1,68,128,18),(129,'Rallus limicola',2,25,129,20),(130,'Rhantus binotatus',6,69,130,37),(131,'Bromus inermis',1,6,131,2),(132,'Eupatorium sessilifolium',1,8,132,7),(133,'Berberis thunbergii',1,29,133,22),(134,'Boloria bellona bellona',6,60,134,35),(135,'Chamaesyce nutans',1,70,135,19),(136,'Sassafras albidum',1,71,136,40),(137,'Contopus virens',2,36,137,13),(138,'Thuja occidentalis',1,52,138,31),(139,'Hepatica acutiloba',1,66,139,22),(140,'Datura stramonium',1,72,140,41),(141,'Ligustrum vulgare',1,73,141,3),(142,'Haliaeetus leucocephalus',2,74,142,42),(143,'Salix humilis',1,75,143,19),(144,'Oporornis philadelphia',2,21,144,13),(145,'Allium cepa',1,76,145,1),(146,'Lactuca floridana',1,8,146,7),(147,'Platanus occidentalis',1,77,147,43),(148,'Solidago rugosa',1,8,148,7),(149,'Osmunda cinnamomea var. cinnamomea',1,78,149,44),(150,'Catharus fuscescens',2,15,150,13),(151,'Caudatella hystrix',6,79,151,45),(152,'Ceratodon purpureus',7,80,152,46),(153,'Botrychium crenulatum',1,81,153,47),(154,'Agoseris glauca var. dasycephala',1,8,154,7),(155,'Calamagrostis stricta ssp. inexpansa',1,6,155,2),(156,'Philonotis caespitosa',7,82,156,48),(157,'Suksdorfia ranunculifolia',1,83,157,8),(158,'Gavia stellata',2,84,158,49),(159,'Carex atherodes',1,2,159,2),(160,'Stellaria calycantha',1,31,160,23),(161,'Botrychium hesperium',1,81,161,47),(162,'Torreyochloa pallida var. pauciflora',1,6,162,2),(163,'Buxbaumia viridis',7,85,163,50),(164,'Scapania curta',7,86,164,51),(165,'Rhithrogena futilis',6,87,165,45),(166,'Ranunculus glaberrimus',1,66,166,22),(167,'Cerastium beeringianum',1,31,167,23),(168,'Huperzia haleakalae',1,37,168,25),(169,'Equisetum hyemale',1,88,169,52),(170,'Cryptantha torreyana',1,47,170,28),(171,'Aedes cataphylla',6,89,171,34),(172,'Sanicula graveolens',1,48,172,29),(173,'Eubranchipus intricatus',8,90,173,53),(174,'Avena sativa',1,6,174,2),(175,'Fragaria virginiana ssp. platypetala',1,12,175,11),(176,'Culex territans',6,89,176,34),(177,'Tortella tortuosa',7,91,177,54),(178,'Luzula glabrata var. hitchcockii',1,92,178,2),(179,'Desmatodon latifolius',7,91,179,54),(180,'Lathyrus bijugatus',1,13,180,12),(181,'Sporastatia testudinea',9,93,181,55),(182,'Townsendia condensata',1,8,182,7),(183,'Ondatra zibethicus',4,44,183,27),(184,'Columella edentula',10,94,184,56),(185,'Eriophorum angustifolium ssp. subarcticum',1,2,185,2),(186,'Buteo jamaicensis',2,74,186,42),(187,'Certhia americana',2,95,187,13),(188,'Cladonia rei',9,96,188,57),(189,'Chenopodium atrovirens',1,97,189,23),(190,'Iris missouriensis',1,98,190,1),(191,'Conostomum tetragonum',7,82,191,48),(192,'Rhytidiadelphus squarrosus',7,99,192,58),(193,'Coregonus clupeaformis',3,100,193,59),(194,'Ephemerella flavilinea',6,79,194,45),(195,'Spermophilus',4,43,195,27),(196,'Nassella viridula',1,6,196,2),(197,'Hedwigia ciliata',7,101,197,60),(198,'Palustriella commutata',7,102,198,58),(199,'Peltigera horizontalis',9,103,199,61),(200,'Sium suave',1,48,200,29),(201,'Tetraneuris acaulis var. acaulis',1,8,201,7),(202,'Polioptila caerulea obscura',2,104,202,13),(203,'Forestiera pubescens',1,73,203,3),(204,'Spinus lawrencei',2,105,204,13),(205,'Cystopteris reevesiana',1,106,205,62),(206,'Empidonax difficilis',2,36,206,13),(207,'Cryptantha flava',1,47,207,28),(208,'Dichanthelium acuminatum var. fasciculatum',1,6,208,2),(209,'Vulpia octoflora',1,6,209,2),(210,'Icterus pustulatus',2,34,210,13),(211,'Astragalus praelongus',1,13,211,12),(212,'Dipodomys ordii',4,107,212,27),(213,'Vireo olivaceus',2,26,213,13),(214,'Colaptes chrysoides',2,108,214,63),(215,'Setophaga americana',2,21,215,13),(216,'Hordeum marinum ssp. gussonianum',1,6,216,2),(217,'Steatoda',11,109,217,64),(218,'Pooecetes gramineus confinis',2,49,218,13),(219,'Cerastium arvense',1,31,219,23),(220,'Shepherdia rotundifolia',1,39,220,11),(221,'Veronica peregrina',1,14,221,3),(222,'Eriogonum deflexum var. deflexum',1,32,222,23),(223,'Gilia leptomeria',1,110,223,9),(224,'Woodsia neomexicana',1,111,224,62),(225,'Carex subfusca',1,2,225,2),(226,'Vanessa virginiensis',6,60,226,35),(227,'Salvelinus fontinalis',3,100,227,59),(228,'Epilobium saximontanum',1,17,228,15),(229,'Thamnosma montana',1,112,229,33),(230,'Crotalus scutulatus',5,113,230,26),(231,'Eumeces multivirgatus epipleurotus',5,55,231,26),(232,'Pinus ponderosa var. scopulorum',1,114,232,31),(233,'Juncus acutus',1,92,233,2),(234,'Ericameria cervina',1,8,234,7),(235,'Amphispiza bilineata',2,49,235,13),(236,'Mentzelia involucrata',1,115,236,65),(237,'Monardella glauca',1,3,237,3),(238,'Mirabilis linearis',1,116,238,23),(239,'Chenopodium album',1,97,239,23),(240,'Chamaesyce polycarpa',1,70,240,19),(241,'Baccharis sarothroides',1,8,241,7),(242,'Loxia curvirostra grinnelli',2,105,242,13),(243,'Mortonia scabrella',1,117,243,66),(244,'Yucca elata var. verdiensis',1,46,244,1),(245,'Aquilegia triternata',1,66,245,22),(246,'Polypogon viridis',1,6,246,2),(247,'Calypso bulbosa',1,1,247,1),(248,'Isocoma pluriflora',1,8,248,7),(249,'Platanthera hyperborea var. gracilis',1,1,249,1),(250,'Suaeda suffrutescens',1,97,250,23),(251,'Calamagrostis canadensis var. canadensis',1,6,251,2),(252,'Achillea ptarmica',1,8,252,7),(253,'Matricaria maritima ssp. maritima',1,8,253,7),(254,'Amphispiza belli',2,49,254,13),(255,'Deschampsia cespitosa',1,6,255,2),(256,'Lepidium densiflorum var. densiflorum',1,18,256,16),(257,'Setaria viridis',1,6,257,2),(258,'Trisetum spicatum',1,6,258,2),(259,'Penstemon whippleanus',1,14,259,3),(260,'Gayophytum diffusum var. diffusum',1,17,260,15),(261,'Bubulcus ibis',2,28,261,21),(262,'Carex backii',1,2,262,2),(263,'Juncus drummondii',1,92,263,2),(264,'Floerkea proserpinacoides',1,118,264,16),(265,'Carex echinata',1,2,265,2),(266,'Calamagrostis stricta ssp. inexpansa',1,6,266,2),(267,'Swertia perennis',1,119,267,67),(268,'Lymnaea catascopium',10,120,268,68),(269,'Lonicera utahensis',1,121,269,69),(270,'Scirpus microcarpus',1,2,270,2),(271,'Podiceps auritus',2,122,271,70),(272,'Torreyochloa pallida var. fernaldii',1,6,272,2),(273,'Mimulus moschatus',1,123,273,3),(274,'Anemone multifida',1,66,274,22),(275,'Castilleja applegatei ssp. martinii',1,40,275,3),(276,'Potentilla glandulosa var. pseudorupestris',1,12,276,11),(277,'Cirsium subniveum',1,8,277,7),(278,'Bubo virginianus',2,30,278,10),(279,'Carex preslii',1,2,279,2),(280,'Pelecanus erythrorhynchos',2,124,280,21),(281,'Huperzia haleakalae',1,37,281,25),(282,'Viola nephrophylla',1,125,282,19),(283,'Gentianopsis detonsa ssp. detonsa',1,119,283,67),(284,'Puccinia jonesii',9,126,284,71),(285,'Ranunculus uncinatus var. uncinatus',1,66,285,22),(286,'Veronica wormskjoldii',1,14,286,3),(287,'Oenothera albicaulis',1,17,287,15),(288,'Castilleja occidentalis',1,40,288,3),(289,'Androsace filiformis',1,127,289,9),(290,'Clematis columbiana',1,66,290,22),(291,'Actitis macularia',2,22,291,4),(292,'Thlaspi montanum',1,18,292,16),(293,'Melica subulata var. pammelii',1,6,293,2),(294,'Aythya marila',2,50,294,30),(295,'Lara',6,128,295,37),(296,'Vaccinium scoparium',1,35,296,9),(297,'Nasturtium officinale',1,18,297,16),(298,'Achnatherum occidentale',1,6,298,2),(299,'Allium cernuum',1,76,299,1),(300,'Petrophyton caespitosum',1,12,300,11),(301,'Micrommata virescens',11,129,301,64),(302,'Kibramoa suprenans suprenans',11,130,302,64),(303,'Tachinomyia apicata',6,131,303,34),(304,'Hemadas nubilipennis',6,132,304,72),(305,'Scotinotylus crinitis',11,133,305,64),(306,'Sarcophaga africa',6,134,306,34),(307,'Xysticus cochise',11,135,307,64),(308,'Coprinopsis',9,136,308,73),(309,'Rhyacodrilus subterraneus',12,137,309,74),(310,'Phyllophaga lota',6,138,310,37),(311,'Piezura graminicola',6,139,311,34),(312,'Cesonia sincera',11,140,312,64),(313,'Milnesium tardigradum',12,141,313,75),(314,'Hygrocybe glutinipes',9,142,314,73),(315,'Agaricus praeclaresquamosa',9,143,315,73),(316,'Ebo mexicanus',11,144,316,64),(317,'Banasa dimiata',6,145,317,76),(318,'Onthophagus monticolus',6,138,318,37),(319,'Oripodidae',11,146,319,77),(320,'Russula olivacea',9,147,320,78),(321,'Smerinthus jamaicensis',6,148,321,35),(322,'Brachycentrus nigrosoma',6,149,322,79),(323,'Schizura badia',6,150,323,35),(324,'Fusarium concolor',9,151,324,80),(325,'Megacyclops',8,152,325,81),(326,'Pirata minutus',11,153,326,64),(327,'Tricholoma palustre',9,154,327,73),(328,'Laphria sericea',6,155,328,34),(329,'Hololena barbarana',11,156,329,64),(330,'Melanoplus viridipes',6,157,330,82),(331,'Eosentomon ewingi',12,158,331,83),(332,'Glyptoscelis',6,159,332,37),(333,'Serica concinna',6,138,333,37),(334,'Platymya confusionis',6,131,334,34),(335,'Yugus',6,160,335,38),(336,'Nebria lacustris',6,161,336,37),(337,'Rhyncholimnochares',11,162,337,84),(338,'Liriomyza violivora',6,163,338,34),(339,'Trifolium incarnatum',1,13,339,12),(340,'Lecanora appalachensis',9,164,340,57),(341,'Neelus minutus',12,165,341,85),(342,'Hygrocybe deceptiva',9,142,342,73),(343,'Poeciloneta theridiformis',11,133,343,64),(344,'Cirrhophanus pretiosa',6,166,344,35),(345,'Cryptochironomus scimitarus',6,59,345,34),(346,'Diplotaxis truncatula',6,138,346,37),(347,'Tapinocyba idahoana',11,133,347,64),(348,'Triplax frontalis',6,167,348,37),(349,'Siratoba referens',11,168,349,64),(350,'Rhoicosphenia abbreviata',13,169,350,86),(351,'Krigia biflora var. biflora',1,8,351,7),(352,'Liatris scariosa',1,8,352,7),(353,'Dryopteris celsa',1,170,353,62),(354,'Chamaelirium luteum',1,171,354,18),(355,'Quercus michauxii',1,172,355,87),(356,'Bidens bipinnata',1,8,356,7),(357,'Coragyps atratus',2,173,357,42),(358,'Pinus taeda',1,114,358,31),(359,'Buteo jamaicensis',2,74,359,42),(360,'Quercus X incomita',1,172,360,87),(361,'Danthonia spicata',1,6,361,2),(362,'Cupressus sempervirens',1,52,362,31),(363,'Trifolium arvense',1,13,363,12),(364,'Fraxinus pennsylvanica',1,73,364,3),(365,'Ranunculus sardous',1,66,365,22),(366,'Scirpus lineatus',1,2,366,2),(367,'Nerodia erythrogaster flavigaster',5,174,367,26),(368,'Amia calva',3,175,368,88),(369,'Magnolia X soulangiana',1,64,369,39),(370,'Regulus satrapa',2,176,370,13),(371,'Tridens strictus',1,6,371,2),(372,'Ammodramus leconteii',2,49,372,13),(373,'Geothlypis trichas trichas',2,21,373,13),(374,'Trachelomonas',14,177,374,89),(375,'Chordeiles minor',2,178,375,90),(376,'Elymus',1,6,376,2),(377,'Cyperus echinatus',1,2,377,2),(378,'Acris crepitans crepitans',15,179,378,91),(379,'Dendroica cerulea',2,21,379,13),(380,'Anuraeopsis',12,180,380,92),(381,'Dendroica caerulescens',2,21,381,13),(382,'Canna X generalis',1,181,382,93),(383,'Tyrannus forficatus',2,36,383,13),(384,'Cyanocitta cristata bromia',2,182,384,13),(385,'Petrochelidon pyrrhonota',2,24,385,13),(386,'Ambloplites ariommus',3,183,386,94),(387,'Catharus guttatus',2,15,387,13),(388,'Ictalurus natalis',3,184,388,95),(389,'Melanitta fusca',2,50,389,30),(390,'Rhynchosia latifolia',1,13,390,12),(391,'Carex vulpinoidea',1,2,391,2),(392,'Tradescantia ohiensis',1,185,392,96),(393,'Oxalis',1,186,393,97),(394,'Solidago rugosa ssp. aspera var. aspera',1,8,394,7),(395,'Sedum ternatum',1,187,395,8),(396,'Scleria oligantha',1,2,396,2),(397,'Rivularia',16,188,397,98),(398,'Juncus coriaceus',1,92,398,2),(399,'Carya texana',1,189,399,87),(400,'Glechoma hederacea',1,3,400,3),(401,'Lampropeltis triangulum triangulum',5,174,401,26),(402,'Clinopodium arkansanum',1,3,402,3),(403,'Morus alba',1,190,403,11),(404,'Aureolaria flava',1,40,404,3),(405,'Mordella melanea',6,7,405,6),(406,'Heracleum maximum',1,48,406,29),(407,'Numenius phaeopus',2,22,407,4),(408,'Daucus carota',1,48,408,29),(409,'Chrysemys picta marginata',5,19,409,17),(410,'Ectopistes migratorius',2,191,410,99),(411,'Eupatorium purpureum',1,8,411,7),(412,'Eupatorium perfoliatum',1,8,412,7),(413,'Silene latifolia ssp. alba',1,31,413,23),(414,'Junonia coenia',6,60,414,35),(415,'Utricularia cornuta',1,192,415,3),(416,'Nyssa sylvatica',1,193,416,65),(417,'Amara familiaris',6,161,417,37),(418,'Plethodon glutinosus',15,194,418,100),(419,'Erynnis juvenalis',6,195,419,35),(420,'Erethizon dorsatum',4,196,420,27),(421,'Somateria spectabilis',2,50,421,30),(422,'Sorex cinereus',4,197,422,101),(423,'Scolopax minor',2,22,423,4),(424,'Pterostichus melanarius',6,161,424,37),(425,'Frasera caroliniensis',1,119,425,67),(426,'Cicuta maculata',1,48,426,29),(427,'Euonymus fortunei',1,117,427,66),(428,'Notropis hudsonius',3,5,428,5),(429,'Medicago sativa',1,13,429,12),(430,'Elodea canadensis',1,33,430,24),(431,'Syringa vulgaris',1,73,431,3),(432,'Hieracium gronovii',1,8,432,7),(433,'Eragrostis minor',1,6,433,2),(434,'Allium cernuum',1,76,434,1),(435,'Rosa palustris',1,12,435,11),(436,'Melanelia subaurifera',9,198,436,57),(437,'Conyza canadensis',1,8,437,7),(438,'Gratiola virginiana',1,14,438,3),(439,'Cladonia macilenta var. bacillaris',9,96,439,57),(440,'Lactuca floridana',1,8,440,7),(441,'Malaxis unifolia',1,1,441,1),(442,'Molothrus ater',2,34,442,13),(443,'Rhynchospora capillacea',1,2,443,2),(444,'Melospiza lincolnii',2,49,444,13),(445,'Aythya valisineria',2,50,445,30),(446,'Milium effusum',1,6,446,2),(447,'Aeshna clepsydra',6,199,447,102),(448,'Menispermum canadense',1,200,448,22),(449,'Trillium flexipes',1,171,449,18),(450,'Atriplex patula',1,97,450,23),(451,'Chorizanthe brevicornu',1,32,451,23),(452,'Encelia frutescens var. actonii',1,8,452,7),(453,'Branta bernicla',2,50,453,30),(454,'Chenopodium desiccatum',1,97,454,23),(455,'Setophaga pensylvanica',2,21,455,13),(456,'Ambrosia dumosa',1,8,456,7),(457,'Pasteurella haemolytica',16,201,457,103),(458,'Pheidole clydei',6,202,458,72),(459,'Piranga rubra',2,203,459,13),(460,'Pellaea mucronata var. californica',1,204,460,62),(461,'Potamogeton nodosus',1,205,461,24),(462,'Cordillacris occipitalis cinerea',6,157,462,82),(463,'Oppia clavipectinata',11,206,463,77),(464,'Celtis reticulata',1,207,464,11),(465,'Egretta caerulea',2,28,465,21),(466,'Calidris minutilla',2,22,466,4),(467,'Justicia californica',1,208,467,3),(468,'Reithrodontomys megalotis',4,44,468,27),(469,'Hyla arenicolor',15,179,469,91),(470,'Crossosoma bigelovii',1,209,470,104),(471,'Larrea tridentata',1,210,471,105),(472,'Populus tremuloides',1,75,472,19),(473,'Solenopsis xyloni',6,202,473,72),(474,'Setophaga citrina',2,21,474,13),(475,'Nemacladus glanduliferus',1,211,475,7),(476,'Chrysothamnus nauseosus',1,8,476,7),(477,'Chaetura vauxi',2,212,477,106),(478,'Melanerpes erythrocephalus',2,108,478,63),(479,'Eriogonum heermannii',1,32,479,23),(480,'Eleocharis macrostachya',1,2,480,2),(481,'Tropidocarpum gracile',1,18,481,16),(482,'Opuntia phaeacantha',1,213,482,23),(483,'Euphorbia fendleri',1,70,483,19),(484,'Metepeira',11,214,484,64),(485,'Ponera exotica',6,202,485,72),(486,'Zonotrichia querula',2,49,486,13),(487,'Eriogonum plumatella',1,32,487,23),(488,'Datura meteloides',1,72,488,41),(489,'Bowlesia incana',1,48,489,29),(490,'Sylvilagus audubonii',4,215,490,107),(491,'Senna armata',1,13,491,12),(492,'Megathymus yuccae',6,195,492,35),(493,'Monardella linoides ssp. linoides',1,3,493,3),(494,'Senecio monoensis',1,8,494,7),(495,'Cymopterus panamintensis var. acutifolius',1,48,495,29),(496,'Ericameria cooperi var. cooperi',1,8,496,7),(497,'Pyrgus albescens',6,195,497,35),(498,'Kallstroemia californica',1,210,498,105),(499,'Guillenia lasiophylla',1,18,499,16),(500,'Calochortus striatus',1,20,500,18),(501,'Vulpia microstachys var. ciliata',1,6,501,2),(502,'Carex lenticularis var. lipocarpa',1,2,502,2),(503,'Sambucus cerulea var. cerulea',1,216,503,69),(504,'Polemonium carneum',1,110,504,9),(505,'Passer domesticus',2,217,505,13),(506,'Thaleichthys pacificus',3,218,506,108),(507,'Juncus bufonius var. bufonius',1,92,507,2),(508,'Listera cordata',1,1,508,1),(509,'Lotus pedunculatus',1,13,509,12),(510,'Zonotrichia leucophrys',2,49,510,13),(511,'Fulmarus glacialis',2,219,511,109),(512,'Vulpia bromoides',1,6,512,2),(513,'Ribes bracteosum',1,220,513,8),(514,'Juncus saximontanus',1,92,514,2),(515,'Trifolium cyathiferum',1,13,515,12),(516,'Botrychium virginianum',1,81,516,47),(517,'Sorex monticolus neomexicanus',4,197,517,101),(518,'Torreyochloa pallida var. pauciflora',1,6,518,2),(519,'Cymatogaster aggregata',3,221,519,94),(520,'Fratercula corniculata',2,4,520,4),(521,'Osmorhiza',1,48,521,29),(522,'Anas platyrhynchos',2,50,522,30),(523,'Polemonium californicum',1,110,523,9),(524,'Carex pachystachya',1,2,524,2),(525,'Senecio vulgaris',1,8,525,7),(526,'Equisetum fluviatile',1,88,526,52),(527,'Perisoreus canadensis obscurus',2,182,527,13),(528,'Melanerpes lewis',2,108,528,63),(529,'Populus balsamifera ssp. trichocarpa',1,75,529,19),(530,'Thomomys talpoides',4,222,530,27),(531,'Sedum oreganum ssp. oreganum',1,187,531,8),(532,'Puccinellia nutkaensis',1,6,532,2),(533,'Veronica serpyllifolia ssp. serpyllifolia',1,14,533,3),(534,'Bombus occidentalis',6,223,534,72),(535,'Lycopodium clavatum var. clavatum',1,37,535,25),(536,'Pyrola asarifolia ssp. bracteata',1,35,536,9),(537,'Bucephala clangula',2,50,537,30),(538,'Phalaris arundinacea',1,6,538,2),(539,'Menyanthes trifoliata',1,224,539,7),(540,'Callitriche palustris',1,14,540,3),(541,'Bromus',1,6,541,2),(542,'Epilobium mirabile',1,17,542,15),(543,'Sorex palustris',4,197,543,101),(544,'Phlox hendersonii',1,110,544,9),(545,'Spergularia villosa',1,31,545,23),(546,'Silene latifolia ssp. alba',1,31,546,23),(547,'Danthonia californica',1,6,547,2),(548,'Mimulus guttatus',1,123,548,3),(549,'Ceanothus velutinus var. hookeri',1,225,549,11),(550,'Luzula spicata',1,92,550,2),(551,'Erigeron flagellaris',1,8,551,7),(552,'Eucapnopsis brevicauda',6,226,552,38),(553,'Sceloporus undulatus',5,42,553,26),(554,'Juniperus communis var. depressa',1,52,554,31),(555,'Graphiphora haruspica',6,166,555,35),(556,'Fissidens sublimbatus',7,227,556,46),(557,'Ramaria',9,7,557,6),(558,'Melanoleuca angelesiana',9,154,558,73),(559,'Plebejus melissa',6,228,559,35),(560,'Plagiothecium cavifolium',7,229,560,58),(561,'Dictyosphaerium ehrenbergianum',7,230,561,110),(562,'Achnanthes austriaca',13,231,562,111),(563,'Frustulia rhomboides',13,232,563,112),(564,'Troglodytes pacificus',2,41,564,13),(565,'Pandorina morum',7,233,565,110),(566,'Cirsium eatonii',1,8,566,7),(567,'Juncus confusus',1,92,567,2),(568,'Ranunculus cymbalaria',1,66,568,22),(569,'Carex siccata',1,2,569,2),(570,'Rumex densiflorus',1,32,570,23),(571,'Geum macrophyllum',1,12,571,11),(572,'Kephyrion spirale',13,234,572,113),(573,'Agoseris aurantiaca',1,8,573,7),(574,'Rubus parviflorus var. parviflorus',1,12,574,11),(575,'Mirabilis linearis',1,116,575,23),(576,'Viola affinis',1,125,576,19),(577,'Chrysopa',6,235,577,114),(578,'Corynorhinus townsendii',4,16,578,14),(579,'Cortinarius',9,236,579,73),(580,'Parula americana',2,21,580,13),(581,'Lophocampa maculata',6,237,581,35),(582,'Harpalus lecontei',6,161,582,37),(583,'Carex deweyana',1,2,583,2),(584,'Spilogale gracilis',4,238,584,115),(585,'Anas clypeata',2,50,585,30),(586,'Dendroica pensylvanica',2,21,586,13),(587,'Xeromphalina',9,154,587,73),(588,'Mertensia lanceolata',1,47,588,28),(589,'Pterostichus surgens',6,161,589,37),(590,'Navicula pupula',13,239,590,112),(591,'Setophaga ruticilla',2,21,591,13),(592,'Viburnum edule',1,216,592,69),(594,'Salix bebbiana',1,75,594,19),(595,'Echinargus isola',6,228,595,35),(596,'Grimmia trichophylla',7,240,596,116),(597,'Lasionycteris noctivagans',4,16,597,14),(598,'Pedicularis bracteosa ssp. paysoniana',1,40,598,3),(599,'Loxodes',14,241,599,6),(600,'Synedra rumpens var. familiaris',13,242,600,117),(601,'Mimulus lewisii',1,123,601,3),(602,'Oxytropis borealis',1,13,602,12),(603,'Hypera sp. 81',6,243,603,37),(604,'Nemophila breviflora',1,244,604,28),(605,'Plebejus qlandon rustica',6,228,605,35),(606,'Carex praticola',1,2,606,2),(607,'Larus californicus',2,245,607,4),(608,'Colias philodice philodice',6,246,608,35),(609,'Trifolium haydenii',1,13,609,12),(610,'Taraxacum eriophorum',1,8,610,7),(611,'Lonicera caerulea',1,121,611,69),(612,'Tringa incana',2,22,612,4),(613,'Speyeria hydaspe',6,60,613,35),(614,'Calidris mauri',2,22,614,4),(615,'Bupleurum americanum',1,48,615,29),(616,'Erigeron ochroleucus var. scribneri',1,8,616,7),(617,'Lepesoma tanneri',6,243,617,37),(618,'Agabus antennatus',6,69,618,37),(619,'Steatoda hespera',11,109,619,64),(620,'Cheumatopsyche speciosa',6,247,620,79),(621,'Physa skinneri',10,248,621,68),(622,'Oarisma qarita crarita',6,195,622,35),(623,'Medicago sativa var. sativa',1,13,623,12),(624,'Oxytropis parryi',1,13,624,12),(625,'Ochlerotatus sticticus',6,7,625,6),(626,'Gayophytum racemosum',1,17,626,15),(627,'Coccinella transversoguttata',6,249,627,37),(628,'Chlosyne acastus',6,60,628,35),(629,'Colymbetes exovatus',6,69,629,37),(630,'Ardea herodias',2,28,630,21),(631,'Staphylinae sp. 73',6,250,631,37),(632,'Rudbeckia occidentalis',1,8,632,7),(633,'Mitella stauropetala',1,83,633,8),(634,'Manica mutica',6,202,634,72),(635,'Antennaria lanata',1,8,635,7),(636,'Aythya marila',2,50,636,30),(637,'Anas americana',2,50,637,30),(638,'Artemisia ludoviciana var. latiloba',1,8,638,7),(639,'Xanthorhoe munitata',6,251,639,35),(640,'Achnanthes hauckiana',13,252,640,111),(641,'Botrychium virginianum',1,81,641,47),(642,'Sitta carolinensis',2,45,642,13),(643,'Anagapetus debilis',6,253,643,79),(644,'Omaliinae sp. 8',6,250,644,37),(645,'Trifolium longipes var. reflexum',1,13,645,12),(646,'Charina bottae',5,254,646,26),(647,'Tabanus osburni',6,255,647,34),(648,'Sterna caspia',2,245,648,4),(649,'Potamogeton alpinus',1,205,649,24),(650,'Valvata tricarinata',10,256,650,118),(651,'Streptanthus diversifolius',1,18,651,16),(652,'Arabis platysperma var. platysperma',1,18,652,16),(653,'Lithobates catesbeianus',15,257,653,91),(654,'Cirsium occidentale var. californicum',1,8,654,7),(655,'Andropogon virginicus var. virginicus',1,6,655,2),(656,'Eriogonum roseum',1,32,656,23),(657,'Oreothlypis celata',2,21,657,13),(658,'Mitella pentandra',1,83,658,8),(659,'Erigeron inornatus var. inornatus',1,8,659,7),(660,'Neotoma cinerea',4,44,660,27),(661,'Sidalcea reptans',1,53,661,32),(662,'Carex aurea',1,2,662,2),(663,'Cornus sericea ssp. sericea',1,258,663,65),(664,'Gymnogyps californianus',2,173,664,42),(665,'Carex nudata',1,2,665,2),(666,'Arabis lyallii var. nubigena',1,18,666,16),(667,'Draba albertina',1,18,667,16),(668,'Carex senta',1,2,668,2),(669,'Ribes montigenum',1,220,669,8),(670,'Collinsia childii',1,14,670,3),(671,'Potentilla gracilis var. fastigiata',1,12,671,11),(672,'Sagittaria cuneata',1,67,672,24),(673,'Ixoreus naevius',2,15,673,13),(674,'Chrysothamnus nauseosus ssp. albicaulis',1,8,674,7),(675,'Mimulus pulsiferae',1,123,675,3),(676,'Prunella vulgaris var. lanceolata',1,3,676,3),(677,'Cirsium scariosum',1,8,677,7),(678,'Erigeron compositus',1,8,678,7),(679,'Arnica mollis',1,8,679,7),(680,'Orobanche californica ssp. grayana',1,40,680,3),(681,'Euderma maculatum',4,16,681,14),(682,'Yabea microcarpa',1,48,682,29),(683,'Dicentra chrysantha',1,259,683,22),(684,'Allophyllum gilioides ssp. gilioides',1,110,684,9),(685,'Anagallis arvensis',1,127,685,9),(686,'Lolium perenne',1,6,686,2),(687,'Geothlypis trichas',2,21,687,13),(688,'Pheucticus melanocephalus',2,203,688,13),(689,'Cryptantha muricata',1,47,689,28),(690,'Batrachoseps diabolicus',15,194,690,100),(691,'Perideridia parishii ssp. latifolia',1,48,691,29),(692,'Potentilla grayi',1,12,692,11),(693,'Lipocarpha micrantha',1,2,693,2),(694,'Eriodictyon californicum',1,47,694,28),(695,'Setophaga magnolia',2,21,695,13),(696,'Phacelia humilis var. humilis',1,244,696,28),(697,'Gaultheria humifusa',1,35,697,9),(698,'Vaccinium parvifolium',1,35,698,9),(699,'Archilochus alexandri',2,260,699,106),(700,'Nicotiana acuminata var. multiflora',1,72,700,41),(701,'Eriogonum umbellatum var. subaridum',1,32,701,23),(702,'Artemisiospiza nevadensis',2,261,702,13),(703,'Munroa squarrosa',1,6,703,2),(704,'Chrysopsis villosa var. villosa',1,7,704,6),(705,'Lithospermum ruderale',1,47,705,28),(706,'Digitaria sanguinalis',1,6,706,2),(707,'Machaeranthera tanacetifolia',1,8,707,7),(708,'Panicum obtusum',1,6,708,2),(709,'Phlox austromontana var. jonesii',1,110,709,9),(710,'Elymus elongatus',1,6,710,2),(711,'Quercus X pauciloba',1,172,711,87),(712,'Hymenoxys acaulis var. arizonica',1,8,712,7),(713,'Chrysothamnus nauseosus var. arenarius',1,8,713,7),(714,'Erioneuron pilosum',1,6,714,2),(715,'Fraxinus velutina',1,73,715,3),(716,'Opuntia echinocarpa',1,213,716,23),(717,'Sayornis saya',2,36,717,13),(718,'Columbina inca',2,191,718,99),(719,'Pinus monophylla',1,114,719,31),(720,'Equisetum X ferrissii',1,88,720,52),(721,'Yucca utahensis',1,46,721,1),(722,'Gilia scopulorum',1,110,722,9),(723,'Passerina amoena',2,203,723,13),(724,'Sphaeralcea ambigua var. ambigua',1,53,724,32),(725,'Eschscholzia glyptosperma',1,259,725,22),(726,'Aphelocoma woodhouseii',2,182,726,13),(727,'Erigeron aphanactis var. aphanactis',1,8,727,7),(728,'Limosa fedoa',2,22,728,4),(729,'Penstemon eatonii var. eatonii',1,14,729,3),(730,'Eriogonum davidsonii',1,32,730,23),(731,'Cleome lutea',1,262,731,16),(732,'Rana pipiens',15,257,732,91),(733,'Eriogonum corymbosum var. aureum',1,32,733,23),(734,'Aechmophorus occidentalis',2,122,734,70),(735,'Bromus carinatus',1,6,735,2),(736,'Conyza canadensis var. glabrata',1,8,736,7),(737,'Salix boothii',1,75,737,19),(738,'Cheilanthes wootonii',1,204,738,62),(739,'Poa fendleriana',1,6,739,2),(740,'Meriones unguiculatus',4,263,740,27),(741,'Elymus spicatus',1,6,741,2),(742,'Stelgidopteryx serripennis',2,24,742,13),(743,'Spizella passerina',2,49,743,13),(744,'Cardamine cordifolia var. cordifolia',1,18,744,16),(745,'Pyrus communis',1,12,745,11),(746,'Torilis arvensis',1,48,746,29),(747,'Grayia spinosa',1,97,747,23),(748,'Carassius auratus',3,264,748,5),(749,'Chamaesyce glyptosperma',1,70,749,19),(750,'Zigadenus elegans',1,171,750,18);
/*!40000 ALTER TABLE `species_scientific` ENABLE KEYS */;
UNLOCK TABLES;

--
-- Table structure for table `updated_species_common`
--

DROP TABLE IF EXISTS `updated_species_common`;
/*!40101 SET @saved_cs_client     = @@character_set_client */;
/*!50503 SET character_set_client = utf8mb4 */;
CREATE TABLE `updated_species_common` (
  `species_common_id` int NOT NULL,
  `species_common_name` varchar(45) DEFAULT NULL,
  PRIMARY KEY (`species_common_id`)
) ENGINE=InnoDB DEFAULT CHARSET=utf8mb3;
/*!40101 SET character_set_client = @saved_cs_client */;

--
-- Dumping data for table `updated_species_common`
--

LOCK TABLES `updated_species_common` WRITE;
/*!40000 ALTER TABLE `updated_species_common` DISABLE KEYS */;
INSERT INTO `updated_species_common` VALUES (113,'Giant Water Scavenger Beetle');
/*!40000 ALTER TABLE `updated_species_common` ENABLE KEYS */;
UNLOCK TABLES;

--
-- Final view structure for view `avg_bird_count`
--

/*!50001 DROP VIEW IF EXISTS `avg_bird_count`*/;
/*!50001 SET @saved_cs_client          = @@character_set_client */;
/*!50001 SET @saved_cs_results         = @@character_set_results */;
/*!50001 SET @saved_col_connection     = @@collation_connection */;
/*!50001 SET character_set_client      = utf8mb4 */;
/*!50001 SET character_set_results     = utf8mb4 */;
/*!50001 SET collation_connection      = utf8mb4_0900_ai_ci */;
/*!50001 CREATE ALGORITHM=UNDEFINED */
/*!50013 DEFINER=`root`@`localhost` SQL SECURITY DEFINER */
/*!50001 VIEW `avg_bird_count` AS select avg(`bird_count_per_park`.`bird_count`) AS `avg_bird_count` from (select `p`.`park_id` AS `park_id`,count(`sp`.`species_scientific_id`) AS `bird_count` from (((`park` `p` join `species_park` `sp` on((`p`.`park_id` = `sp`.`park_id`))) join `species_scientific` `ss` on((`sp`.`species_scientific_id` = `ss`.`species_scientific_id`))) join `species_category` `sc` on((`ss`.`species_category_id` = `sc`.`species_category_id`))) where (`sc`.`species_category` = 'Bird') group by `p`.`park_id`) `bird_count_per_park` */;
/*!50001 SET character_set_client      = @saved_cs_client */;
/*!50001 SET character_set_results     = @saved_cs_results */;
/*!50001 SET collation_connection      = @saved_col_connection */;

--
-- Final view structure for view `max_insect_count`
--

/*!50001 DROP VIEW IF EXISTS `max_insect_count`*/;
/*!50001 SET @saved_cs_client          = @@character_set_client */;
/*!50001 SET @saved_cs_results         = @@character_set_results */;
/*!50001 SET @saved_col_connection     = @@collation_connection */;
/*!50001 SET character_set_client      = utf8mb4 */;
/*!50001 SET character_set_results     = utf8mb4 */;
/*!50001 SET collation_connection      = utf8mb4_0900_ai_ci */;
/*!50001 CREATE ALGORITHM=UNDEFINED */
/*!50013 DEFINER=`root`@`localhost` SQL SECURITY DEFINER */
/*!50001 VIEW `max_insect_count` AS select max(`insect_count`.`total_insect_count`) AS `max_insect_count` from (select `p`.`park_name` AS `park_name`,count(`sc`.`species_category`) AS `total_insect_count` from (((`park` `p` join `species_park` `sp` on((`p`.`park_id` = `sp`.`park_id`))) join `species_scientific` `ss` on((`sp`.`species_scientific_id` = `ss`.`species_scientific_id`))) join `species_category` `sc` on((`ss`.`species_category_id` = `sc`.`species_category_id`))) where (`sc`.`species_category` = 'Insect') group by `p`.`park_name`) `insect_count` */;
/*!50001 SET character_set_client      = @saved_cs_client */;
/*!50001 SET character_set_results     = @saved_cs_results */;
/*!50001 SET collation_connection      = @saved_col_connection */;

--
-- Final view structure for view `species_common_weed`
--

/*!50001 DROP VIEW IF EXISTS `species_common_weed`*/;
/*!50001 SET @saved_cs_client          = @@character_set_client */;
/*!50001 SET @saved_cs_results         = @@character_set_results */;
/*!50001 SET @saved_col_connection     = @@collation_connection */;
/*!50001 SET character_set_client      = utf8mb4 */;
/*!50001 SET character_set_results     = utf8mb4 */;
/*!50001 SET collation_connection      = utf8mb4_0900_ai_ci */;
/*!50001 CREATE ALGORITHM=UNDEFINED */
/*!50013 DEFINER=`root`@`localhost` SQL SECURITY DEFINER */
/*!50001 VIEW `species_common_weed` AS select `ss`.`species_scientific_name` AS `species_scientific_name`,`sco`.`species_common_name` AS `species_common_name` from (`species_scientific` `ss` join `species_common` `sco` on((`ss`.`species_common_id` = `sco`.`species_common_id`))) having (`sco`.`species_common_name` like '%weed%') */;
/*!50001 SET character_set_client      = @saved_cs_client */;
/*!50001 SET character_set_results     = @saved_cs_results */;
/*!50001 SET collation_connection      = @saved_col_connection */;

--
-- Final view structure for view `species_family_aceae`
--

/*!50001 DROP VIEW IF EXISTS `species_family_aceae`*/;
/*!50001 SET @saved_cs_client          = @@character_set_client */;
/*!50001 SET @saved_cs_results         = @@character_set_results */;
/*!50001 SET @saved_col_connection     = @@collation_connection */;
/*!50001 SET character_set_client      = utf8mb4 */;
/*!50001 SET character_set_results     = utf8mb4 */;
/*!50001 SET collation_connection      = utf8mb4_0900_ai_ci */;
/*!50001 CREATE ALGORITHM=UNDEFINED */
/*!50013 DEFINER=`root`@`localhost` SQL SECURITY DEFINER */
/*!50001 VIEW `species_family_aceae` AS select `ss`.`species_scientific_name` AS `species_scientific_name`,`sf`.`species_family` AS `species_family` from (`species_scientific` `ss` join `species_family` `sf` on((`ss`.`species_family_id` = `sf`.`species_family_id`))) having (`sf`.`species_family` like '%aceae') order by `ss`.`species_scientific_name` */;
/*!50001 SET character_set_client      = @saved_cs_client */;
/*!50001 SET character_set_results     = @saved_cs_results */;
/*!50001 SET collation_connection      = @saved_col_connection */;
/*!40103 SET TIME_ZONE=@OLD_TIME_ZONE */;

/*!40101 SET SQL_MODE=@OLD_SQL_MODE */;
/*!40014 SET FOREIGN_KEY_CHECKS=@OLD_FOREIGN_KEY_CHECKS */;
/*!40014 SET UNIQUE_CHECKS=@OLD_UNIQUE_CHECKS */;
/*!40101 SET CHARACTER_SET_CLIENT=@OLD_CHARACTER_SET_CLIENT */;
/*!40101 SET CHARACTER_SET_RESULTS=@OLD_CHARACTER_SET_RESULTS */;
/*!40101 SET COLLATION_CONNECTION=@OLD_COLLATION_CONNECTION */;
/*!40111 SET SQL_NOTES=@OLD_SQL_NOTES */;

-- Dump completed on 2025-05-04 19:22:24
